Workbook

Sheet MAESTRA
A1: ID | B1: Orden | C1: Categoria | D1: Nombre_CAT | E1: Descripcion_CAT | F1: Nombre_ES | G1: Descripcion_ES | H1: Nombre_FR | I1: Descripcion_FR | J1: Nombre_EN | K1: Descripcion_EN | L1: Precio_restaurante_EUR | M1: Increment_delivery_EUR | N1: Precio_delivery_EUR | O1: Restaurante | P1: Web | Q1: Delivery_TakeAway | R1: Imagen_URL
A2: BC-001 | B2: 1 | C2: entrants | D2: PA DE PIZZA | E2: Massa normal / integral | F2: Pan de pizza | G2: Masa normal / integral | H2: Pain à pizza | I2: Pâte classique / complète | J2: Pizza bread | K2: Regular / whole-wheat dough | L2: 5 | M2: 0 | N2: =L2+M2 -> 5 | O2: TRUE | P2: TRUE | Q2: TRUE
A3: BC-002 | B3: 2 | C3: entrants | D3: FOCACCIA | F3: FOCACCIA | H3: FOCACCIA | J3: FOCACCIA | L3: 5 | M3: 0 | N3: =L3+M3 -> 5 | O3: TRUE | P3: TRUE | Q3: TRUE
A4: BC-003 | B4: 3 | C4: entrants | D4: PROVOLONE | F4: PROVOLONE | H4: PROVOLONE | J4: PROVOLONE | L4: 10 | M4: 0 | N4: =L4+M4 -> 10 | O4: TRUE | P4: TRUE | Q4: TRUE
A5: BC-004 | B5: 4 | C5: entrants | D5: POLPETTINES D’ALBERGÍNIA | E5: 6 unitats (cada unitat addicional +1,75 €) | F5: Albóndigas de berenjena | G5: 6 unidades (unidad adicional +1,75 €) | H5: Boulettes d’aubergine | I5: 6 pièces (pièce supplémentaire +1,75 €) | J5: Aubergine balls | K5: 6 pieces (extra piece +€1.75) | L5: 9 | M5: 0 | N5: =L5+M5 -> 9 | O5: TRUE | P5: TRUE | Q5: FALSE
A6: BC-005 | B6: 5 | C6: entrants | D6: VITELLO TONNATO | E6: Utilitzem carn de vedell / amb salsa de tonyina | F6: VITELLO TONNATO | G6: Carne de ternera / salsa de atún | H6: VITELLO TONNATO | I6: Veau / sauce au thon | J6: VITELLO TONNATO | K6: Veal / tuna sauce | L6: 16.5 | M6: 0 | N6: =L6+M6 -> 16.5 | O6: TRUE | P6: TRUE | Q6: FALSE
A7: BC-006 | B7: 6 | C7: entrants | D7: BURRATA | E7: Amb salsa pesto o tòfona / tomàquet sec casolà / ruca / pa | F7: BURRATA | G7: Con pesto o salsa de trufa / tomate seco casero / rúcula / pan | H7: BURRATA | I7: Sauce pesto ou truffe / tomates séchées maison / roquette / pain | J7: BURRATA | K7: Pesto or truffle sauce / house-made sun-dried tomatoes / rocket / bread | L7: 15.5 | M7: 0 | N7: =L7+M7 -> 15.5 | O7: TRUE | P7: TRUE | Q7: FALSE
A8: BC-007 | B8: 7 | C8: entrants | D8: CARPACCIO DE CARBASSÓ | E8: Amb tomàquets secs, stracciatella i pinyons | F8: Carpaccio de calabacín | G8: Con tomates secos, stracciatella y piñones | H8: Carpaccio de courgette | I8: Avec tomates séchées, stracciatella et pignons | J8: Courgette carpaccio | K8: With sun-dried tomatoes, stracciatella and pine nuts | L8: 15.5 | M8: 0 | N8: =L8+M8 -> 15.5 | O8: TRUE | P8: TRUE | Q8: FALSE
A9: BC-008 | B9: 8 | C9: amanides | D9: BELLA CIAO | E9: Albergínia / tomàquet / filadèlfia / julivert / menta / salsa de xili dolça / sèsamo | F9: BELLA CIAO | G9: Berenjena / Tomate / Queso crema / Perejil / Menta / Salsa de chile dulce / Sésamo | H9: BELLA CIAO | I9: Aubergine / Tomate / Fromage frais / Persil / Menthe / Sauce chili douce / Sésame | J9: BELLA CIAO | K9: Aubergine / Tomato / Cream cheese / Parsley / Mint / Sweet chili sauce / Sesame | L9: 16 | M9: 0 | N9: =L9+M9 -> 16 | O9: TRUE | P9: TRUE | Q9: FALSE
A10: BC-009 | B10: 9 | C10: amanides | D10: BUFALATA | E10: Mesclum / burrata / bresaola / nous / olives | F10: BUFALATA | G10: Mezcla de hojas verdes / Burrata / Bresaola / Nueces / Aceitunas | H10: BUFALATA | I10: Mesclun / Burrata / Bresaola / Noix / Olives | J10: BUFALATA | K10: Mixed salad leaves / Burrata / Bresaola / Walnuts / Olives | L10: 16 | M10: 0 | N10: =L10+M10 -> 16 | O10: TRUE | P10: TRUE | Q10: TRUE
A11: BC-010 | B11: 10 | C11: amanides | D11: CÈSAR | E11: Enciam / pollastre / crostons / cherry / parmesà / salsa cèsar | F11: César | G11: Lechuga / Pollo / Picatostes / Tomates cherry / Parmesano / Salsa César | H11: César | I11: Laitue / Poulet / Croûtons / Tomates cerises / Parmesan / Sauce César | J11: Caesar | K11: Lettuce / Chicken / Croutons / Cherry tomatoes / Parmesan / Caesar dressing | L11: 16 | M11: 0 | N11: =L11+M11 -> 16 | O11: TRUE | P11: TRUE | Q11: TRUE
A12: BC-011 | B12: 11 | C12: amanides | D12: CABRA | E12: Mesclum / cherry / escalivada / albergínia, pebre, ceba / nous / cabra / balsàmic | F12: Queso de cabra | G12: Mezcla de hojas verdes / Tomates cherry / Escalivada / Berenjena, pimiento, cebolla / Nueces / Queso de cabra / Vinagre balsámico | H12: Chèvre | I12: Mesclun / Tomates cerises / Légumes grillés / Aubergine, poivron, oignon / Noix / Fromage de chèvre / Vinaigre balsamique | J12: Goat cheese | K12: Mixed salad leaves / Cherry tomatoes / Roasted vegetables / Aubergine, pepper, onion / Walnuts / Goat cheese / Balsamic dressing | L12: 16 | M12: 0 | N12: =L12+M12 -> 16 | O12: TRUE | P12: TRUE | Q12: TRUE
A13: BC-012 | B13: 12 | C13: amanides | D13: LUNA CAPRESE | E13: Tomàquet / mozzarella / salsa pesto / ruca / salsa mòdena | F13: LUNA CAPRESE | G13: Tomate / Mozzarella / Salsa pesto / Rúcula / Salsa de Módena | H13: LUNA CAPRESE | I13: Tomate / Mozzarella / Sauce pesto / Roquette / Sauce balsamique de Modène | J13: LUNA CAPRESE | K13: Tomato / Mozzarella / Pesto sauce / Rocket / Modena balsamic dressing | L13: 15.5 | M13: 0 | N13: =L13+M13 -> 15.5 | O13: TRUE | P13: TRUE | Q13: TRUE
A14: BC-013 | B14: 13 | C14: sopes | D14: SOPA DE LLENTIES | F14: Sopa de lentejas | H14: Soupe de lentilles | J14: Lentil soup | L14: 6 | M14: 0 | N14: =L14+M14 -> 6 | O14: TRUE | P14: TRUE | Q14: FALSE
A15: BC-014 | B15: 14 | C15: sopes | D15: SOPA DE BROCOLI | F15: Sopa de brócoli | H15: Soupe de brocoli | J15: Broccoli soup | L15: 6 | M15: 0 | N15: =L15+M15 -> 6 | O15: TRUE | P15: TRUE | Q15: FALSE
A16: BC-015 | B16: 15 | C16: carn | D16: CARPACCIO DE BOU | F16: Carpaccio de buey | H16: Carpaccio de bœuf | J16: Beef carpaccio | L16: 15 | M16: 0 | N16: =L16+M16 -> 15 | O16: TRUE | P16: TRUE | Q16: FALSE
A17: BC-016 | B17: 16 | C17: carn | D17: ENTRECOT DE BOU | F17: Entrecot de buey | H17: Entrecôte de bœuf | J17: Beef entrecôte | L17: 8.5 | M17: 0 | N17: =L17+M17 -> 8.5 | O17: TRUE | P17: TRUE | Q17: FALSE
A18: BC-017 | B18: 17 | C18: carn | D18: EMBOTITS ITALIANS | E18: Bresaola / salami / mortadel·la de tòfona / mortadel·la de pistatxos / la piatta piccante | F18: Embutidos italianos | G18: Bresaola / Salami / Mortadela de trufa / Mortadela de pistachos / La piatta piccante | H18: Charcuteries italiennes | I18: Bresaola / Salami / Mortadelle à la truffe / Mortadelle à la pistache / La piatta piccante | J18: Italian cured meats | K18: Bresaola / Salami / Truffle mortadella / Pistachio mortadella / La piatta piccante | L18: 22.5 | M18: 0 | N18: =L18+M18 -> 22.5 | O18: TRUE | P18: TRUE | Q18: TRUE
A19: BC-018 | B19: 18 | C19: pasta | D19: BIGOLI ALLA NAPOLITANA | E19: Pasta amb tomàquets | F19: BIGOLI ALLA NAPOLITANA | G19: Pasta con tomates | H19: BIGOLI ALLA NAPOLITANA | I19: Pâtes à la tomate | J19: BIGOLI ALLA NAPOLITANA | K19: Pasta with tomatoes | L19: 9.5 | M19: 0 | N19: =L19+M19 -> 9.5 | O19: TRUE | P19: TRUE | Q19: TRUE
A20: BC-019 | B20: 19 | C20: pasta | D20: TAGLIATELLE TARTUFATA | E20: Amb crema de tòfona | F20: TAGLIATELLE TARTUFATA | G20: Con crema de trufa | H20: TAGLIATELLE TARTUFATA | I20: À la crème de truffe | J20: TAGLIATELLE TARTUFATA | K20: With truffle cream | L20: 14 | M20: 0 | N20: =L20+M20 -> 14 | O20: TRUE | P20: TRUE | Q20: TRUE
A21: BC-020 | B21: 20 | C21: pasta | D21: GARGANELLI ALL’ARRABBIATA | E21: Salsa picant tradicional casolana | F21: GARGANELLI ALL’ARRABBIATA | G21: Salsa picante tradicional casera | H21: GARGANELLI ALL’ARRABBIATA | I21: Sauce piquante traditionnelle maison | J21: GARGANELLI ALL’ARRABBIATA | K21: Traditional homemade spicy sauce | L21: 14 | M21: 0 | N21: =L21+M21 -> 14 | O21: TRUE | P21: TRUE | Q21: TRUE
A22: BC-021 | B22: 21 | C22: pasta | D22: SPAGHETTI RAGÚ ALLA BOLOGNESE | E22: Salsa casolana de carn d'Andorra | F22: SPAGHETTI RAGÚ ALLA BOLOGNESE | G22: Salsa casera con carne de Andorra | H22: SPAGHETTI RAGÚ ALLA BOLOGNESE | I22: Sauce maison à la viande d’Andorre | J22: SPAGHETTI RAGÚ ALLA BOLOGNESE | K22: House-made sauce with Andorran meat | L22: 15.5 | M22: 0 | N22: =L22+M22 -> 15.5 | O22: TRUE | P22: TRUE | Q22: TRUE
A23: BC-022 | B23: 22 | C23: pasta | D23: TAGLIATELLE 4 FORMATGES | E23: Mozzarella / cabra / emmental / gorgonzola | F23: TAGLIATELLE 4 FORMATGES | G23: Mozzarella / Queso de cabra / Emmental / Gorgonzola | H23: TAGLIATELLE 4 FORMATGES | I23: Mozzarella / Fromage de chèvre / Emmental / Gorgonzola | J23: TAGLIATELLE 4 FORMATGES | K23: Mozzarella / Goat cheese / Emmental / Gorgonzola | L23: 15.5 | M23: 0 | N23: =L23+M23 -> 15.5 | O23: TRUE | P23: TRUE | Q23: FALSE
A24: BC-023 | B24: 23 | C24: pasta | D24: LINGUINE D’ALL I ALFÀBREGA AMB PESTO | E24: Salsa casolana d’alfàbrega de quilòmetre 0 | F24: Linguine de ajo y albahaca con pesto | G24: Salsa casera de albahaca local | H24: Linguine à l’ail et au basilic, au pesto | I24: Sauce maison au basilic local | J24: Garlic and basil linguine with pesto | K24: House-made sauce with locally grown basil | L24: 15.5 | M24: 0 | N24: =L24+M24 -> 15.5 | O24: TRUE | P24: TRUE | Q24: TRUE
A25: BC-024 | B25: 24 | C25: pasta | D25: BIGOLI ALLA CARBONARA | E25: Recepta tradicional amb ous i guanciale | F25: BIGOLI ALLA CARBONARA | G25: Receta tradicional con huevos y guanciale | H25: BIGOLI ALLA CARBONARA | I25: Recette traditionnelle aux œufs et au guanciale | J25: BIGOLI ALLA CARBONARA | K25: Traditional recipe with eggs and guanciale | L25: 17 | M25: 0 | N25: =L25+M25 -> 17 | O25: TRUE | P25: TRUE | Q25: TRUE
A26: BC-025 | B26: 25 | C26: pasta | D26: SPAGHETTI NERI FRUTTI DI MARE | E26: Salsa de tomàquets cherry / gambes / cloïsses / musclos | F26: SPAGHETTI NERI FRUTTI DI MARE | G26: Salsa de tomates cherry / gambas / almejas / mejillones | H26: SPAGHETTI NERI FRUTTI DI MARE | I26: Sauce aux tomates cerises / crevettes / palourdes / moules | J26: SPAGHETTI NERI FRUTTI DI MARE | K26: Cherry tomato sauce / prawns / clams / mussels | L26: 22 | M26: 0 | N26: =L26+M26 -> 22 | O26: TRUE | P26: TRUE | Q26: FALSE
A27: BC-026 | B27: 26 | C27: pasta_farcida | D27: RAVIOLIS DE BOLETS | E27: Servit amb salsa casolana de pesto | F27: Raviolis de setas | G27: Servidos con salsa pesto casera | H27: Raviolis aux champignons | I27: Servis avec sauce pesto maison | J27: Mushroom ravioli | K27: Served with homemade pesto sauce | L27: 17.5 | M27: 0 | N27: =L27+M27 -> 17.5 | O27: TRUE | P27: TRUE | Q27: TRUE
A28: BC-027 | B28: 27 | C28: pasta_farcida | D28: FIOCCHI AMB PERA I RICOTTA | E28: Servit amb crema de carbassa casolana | F28: FIOCCHI AMB PERA I RICOTTA | G28: Servidos con crema de calabaza casera | H28: FIOCCHI AMB PERA I RICOTTA | I28: Servis avec crème de potiron maison | J28: FIOCCHI AMB PERA I RICOTTA | K28: Served with homemade pumpkin cream | L28: 17 | M28: 0 | N28: =L28+M28 -> 17 | O28: TRUE | P28: TRUE | Q28: FALSE
A29: BC-028 | B29: 28 | C29: pasta_farcida | D29: CANELONS DE CARN | E29: Canelons fets per nosaltres servits amb salsa boloñesa casolana | F29: Canelones de carne | G29: Canelones caseros con salsa boloñesa casera | H29: Cannellonis à la viande | I29: Cannellonis maison à la sauce bolognaise | J29: Meat cannelloni | K29: Homemade cannelloni with Bolognese sauce | L29: 13.5 | M29: 0 | N29: =L29+M29 -> 13.5 | O29: TRUE | P29: TRUE | Q29: TRUE
... A48: BC-047 | B48: 47 | C48: pizzes_blanques | D48: CARBONARA | E48: Mozzarella / nata / guanciale / ceba / ou / parmesà | F48: CARBONARA | G48: Mozzarella / Nata / Guanciale / Cebolla / Huevo / Parmesano | H48: CARBONARA | I48: Mozzarella / Crème fraîche / Guanciale / Oignon / Œuf / Parmesan | J48: CARBONARA | K48: Mozzarella / Cream / Guanciale / Onion / Egg / Parmesan | L48: 16 | M48: 0 | N48: =L48+M48 -> 16 | O48: TRUE | P48: TRUE | Q48: TRUE
A49: BC-048 | B49: 48 | C49: postres | D49: TIRAMISÚ CLÀSSIC | F49: Tiramisú clásico | H49: Tiramisu classique | J49: Classic tiramisu | L49: 7 | M49: 0 | N49: =L49+M49 -> 7 | O49: TRUE | P49: TRUE | Q49: TRUE
A50: BC-049 | B50: 49 | C50: postres | D50: TIRAMISÚ DE FESTUCS | F50: Tiramisú de pistacho | H50: Tiramisu à la pistache | J50: Pistachio tiramisu | L50: 8 | M50: 0 | N50: =L50+M50 -> 8 | O50: TRUE | P50: TRUE | Q50: TRUE
A51: BC-050 | B51: 50 | C51: postres | D51: GELAT ARTESANAL | F51: Helado artesanal | H51: Glace artisanale | J51: Artisan ice cream | L51: 5 | M51: 0 | N51: =L51+M51 -> 5 | O51: TRUE | P51: TRUE | Q51: FALSE
A52: BC-051 | B52: 51 | C52: postres | D52: PANNA COTTA | E52: De romaní amb ginebra i préssec | F52: PANNA COTTA | G52: De romero con ginebra y melocotón | H52: PANNA COTTA | I52: Au romarin, gin et pêche | J52: PANNA COTTA | K52: Rosemary panna cotta with gin and peach | L52: 6.5 | M52: 0 | N52: =L52+M52 -> 6.5 | O52: TRUE | P52: TRUE | Q52: TRUE
A53: BC-052 | B53: 52 | C53: postres | D53: COULANT DE XOCOLATA | F53: Coulant de chocolate | H53: Coulant au chocolat | J53: Chocolate fondant | L53: 5 | M53: 0 | N53: =L53+M53 -> 5 | O53: TRUE | P53: TRUE | Q53: TRUE
A54: BC-053 | B54: 53 | C54: postres | D54: MADUIXES AL PEBRE | F54: Fresas a la pimienta | H54: Fraises au poivre | J54: Strawberries with pepper | L54: 12.5 | M54: 0 | N54: =L54+M54 -> 12.5 | O54: TRUE | P54: TRUE | Q54: FALSE
A55: BC-054 | B55: 54 | C55: postres | D55: CALZONE DOLÇA | F55: Calzone dulce | H55: Calzone sucrée | J55: Sweet calzone | L55: 10 | M55: 0 | N55: =L55+M55 -> 10 | O55: TRUE | P55: TRUE | Q55: TRUE
A56: BC-055 | B56: 55 | C56: postres | D56: AFFOGATO SENSE AMARETO | F56: Affogato sin amaretto | H56: Affogato sans amaretto | J56: Affogato without amaretto | L56: 6.5 | M56: 0 | N56: =L56+M56 -> 6.5 | O56: TRUE | P56: TRUE | Q56: FALSE
A57: BC-056 | B57: 56 | C57: postres | D57: AFFOGATO AMB AMARETTO | F57: Affogato con amaretto | H57: Affogato avec amaretto | J57: Affogato with amaretto | L57: 8.5 | M57: 0 | N57: =L57+M57 -> 8.5 | O57: TRUE | P57: TRUE | Q57: FALSE
A58: BC-057 | B58: 57 | C58: cafe_te | D58: CAFÈ SOL | F58: Café solo | H58: Café expresso | J58: Espresso | L58: 1.5 | M58: 0 | N58: =L58+M58 -> 1.5 | O58: TRUE | P58: TRUE | Q58: FALSE
A59: BC-058 | B59: 58 | C59: cafe_te | D59: ESPRESSO DOBLE | F59: Espresso doble | H59: Double expresso | J59: Double espresso | L59: 2 | M59: 0 | N59: =L59+M59 -> 2 | O59: TRUE | P59: TRUE | Q59: FALSE
A60: BC-059 | B60: 59 | C60: cafe_te | D60: CAFÈ AMB LLET | F60: Café con leche | H60: Café au lait | J60: Coffee with milk | L60: 1.8 | M60: 0 | N60: =L60+M60 -> 1.8 | O60: TRUE | P60: TRUE | Q60: FALSE
A61: BC-060 | B61: 60 | C61: cafe_te | D61: AMERICÀ / TALLAT | F61: Americano / Cortado | H61: Americano / Noisette | J61: Americano / Cortado | L61: 2 | M61: 0 | N61: =L61+M61 -> 2 | O61: TRUE | P61: TRUE | Q61: FALSE
A62: BC-061 | B62: 61 | C62: cafe_te | D62: CAPPUCCINO | F62: Cappuccino | H62: Cappuccino | J62: Cappuccino | L62: 2.2 | M62: 0 | N62: =L62+M62 -> 2.2 | O62: TRUE | P62: TRUE | Q62: FALSE
A63: BC-062 | B63: 62 | C63: cafe_te | D63: AMERICÀ AMB GEL | F63: Americano con hielo | H63: Americano glacé | J63: Iced Americano | L63: 2.25 | M63: 0 | N63: =L63+M63 -> 2.25 | O63: TRUE | P63: TRUE | Q63: FALSE
A64: BC-063 | B64: 63 | C64: cafe_te | D64: CIGALÓ | F64: Carajillo | H64: Café alcoolisé | J64: Espresso with liqueur | L64: 3 | M64: 0 | N64: =L64+M64 -> 3 | O64: TRUE | P64: TRUE | Q64: FALSE
... A66: BC-065 | B66: 65 | C66: cafe_te | D66: CAFÈ IRLANDÈS | F66: Café irlandés | H66: Irish coffee | J66: Irish coffee | L66: 7 | M66: 0 | N66: =L66+M66 -> 7 | O66: TRUE | P66: TRUE | Q66: FALSE
A67: BC-066 | B67: 66 | C67: cafe_te | D67: INFUSIONS DAMMANN | E67: Te negre / te verd / camamilla | F67: Infusiones Dammann | G67: Té negro / Té verde / Manzanilla | H67: Thés et infusions Dammann | I67: Thé noir / Thé vert / Camomille | J67: Dammann teas & infusions | K67: Black tea / Green tea / Chamomile | L67: 2 | M67: 0 | N67: =L67+M67 -> 2 | O67: TRUE | P67: TRUE | Q67: FALSE
A68: BC-067 | B68: 67 | C68: begudes | D68: REFRESCOS | E68: Coca-Cola / Fanta / Cola Zero / Nestea / Aquarius | F68: Refrescos | G68: Coca-Cola / Fanta / Cola Zero / Nestea / Aquarius | H68: Sodas | I68: Coca-Cola / Fanta / Cola Zero / Nestea / Aquarius | J68: Soft drinks | K68: Coca-Cola / Fanta / Cola Zero / Nestea / Aquarius | L68: 3 | M68: 0 | N68: =L68+M68 -> 3 | O68: TRUE | P68: TRUE | Q68: TRUE
A69: BC-068 | B69: 68 | C69: begudes | D69: TÒNICA | F69: Tónica | H69: Tonic | J69: Tonic water | L69: 2.5 | M69: 0 | N69: =L69+M69 -> 2.5 | O69: TRUE | P69: TRUE | Q69: TRUE
A70: BC-069 | B70: 69 | C70: begudes | D70: BITTER KAS | F70: BITTER KAS | H70: BITTER KAS | J70: BITTER KAS | L70: 2.5 | M70: 0 | N70: =L70+M70 -> 2.5 | O70: TRUE | P70: TRUE | Q70: TRUE
A71: BC-070 | B71: 70 | C71: begudes | D71: SOLAN DE CABRAS | F71: SOLAN DE CABRAS | H71: SOLAN DE CABRAS | J71: SOLAN DE CABRAS | L71: 2.5 | M71: 0 | N71: =L71+M71 -> 2.5 | O71: TRUE | P71: TRUE | Q71: TRUE
A72: BC-071 | B72: 71 | C72: begudes | D72: VICHY CATALAN | F72: VICHY CATALAN | H72: VICHY CATALAN | J72: VICHY CATALAN | L72: 2.5 | M72: 0 | N72: =L72+M72 -> 2.5 | O72: TRUE | P72: TRUE | Q72: TRUE
A73: BC-072 | B73: 72 | C73: begudes | D73: AIGUA S. PELLEGRINO | F73: AIGUA S. PELLEGRINO | H73: AIGUA S. PELLEGRINO | J73: AIGUA S. PELLEGRINO | L73: 4 | M73: 0 | N73: =L73+M73 -> 4 | O73: TRUE | P73: TRUE | Q73: TRUE
A74: BC-073 | B74: 73 | C74: alcohol | D74: XOPET | E74: Herbes / limoncello | F74: Chupito | G74: Hierbas / Limoncello | H74: Shooter | I74: Liqueur d’herbes / Limoncello | J74: Shot | K74: Herbal liqueur / Limoncello | L74: 2 | M74: 0 | N74: =L74+M74 -> 2 | O74: TRUE | P74: TRUE | Q74: FALSE
A75: BC-074 | B75: 74 | C75: alcohol | D75: MARTINI / VERMUT | E75: Blanc / rosso | F75: MARTINI / VERMUT | G75: Blanco / Rosso | H75: MARTINI / VERMUT | I75: Blanc / Rosso | J75: MARTINI / VERMUT | K75: White / Rosso | L75: 4.5 | M75: 0 | N75: =L75+M75 -> 4.5 | O75: TRUE | P75: TRUE | Q75: FALSE
A76: BC-075 | B76: 75 | C76: alcohol | D76: BAILEYS | F76: BAILEYS | H76: BAILEYS | J76: BAILEYS | L76: 5.25 | M76: 0 | N76: =L76+M76 -> 5.25 | O76: TRUE | P76: TRUE | Q76: FALSE
A77: BC-076 | B77: 76 | C77: alcohol | D77: ROM | F77: Ron | H77: Rhum | J77: Rum | L77: 5 | M77: 0 | N77: =L77+M77 -> 5 | O77: TRUE | P77: TRUE | Q77: FALSE
A78: BC-077 | B78: 77 | C78: alcohol | D78: WHISKY | E78: J&B / Jameson / Jack Daniel’s | F78: WHISKY | G78: J&B / Jameson / Jack Daniel’s | H78: WHISKY | I78: J&B / Jameson / Jack Daniel’s | J78: WHISKY | K78: J&B / Jameson / Jack Daniel’s | L78: 0 | M78: 0 | N78: =L78+M78 -> 0 | O78: TRUE | P78: TRUE | Q78: FALSE
A79: BC-078 | B79: 78 | C79: alcohol | D79: CAMPARI | F79: CAMPARI | H79: CAMPARI | J79: CAMPARI | L79: 5 | M79: 0 | N79: =L79+M79 -> 5 | O79: TRUE | P79: TRUE | Q79: FALSE
A80: BC-079 | B80: 79 | C80: alcohol | D80: CARAMOL | F80: CARAMOL | H80: CARAMOL | J80: CARAMOL | L80: 5.25 | M80: 0 | N80: =L80+M80 -> 5.25 | O80: TRUE | P80: TRUE | Q80: FALSE
A81: BC-080 | B81: 80 | C81: alcohol | D81: VODKA | E81: Absolut / Grey Goose | F81: VODKA | G81: Absolut / Grey Goose | H81: VODKA | I81: Absolut / Grey Goose | J81: VODKA | K81: Absolut / Grey Goose | L81: 0 | M81: 0 | N81: =L81+M81 -> 0 | O81: TRUE | P81: TRUE | Q81: FALSE
A82: BC-081 | B82: 81 | C82: coctels | D82: KIRSCH BELLA CIAO | E82: Caramol / cava | F82: KIRSCH BELLA CIAO | G82: Caramol / Cava | H82: KIRSCH BELLA CIAO | I82: Caramol / Cava | J82: KIRSCH BELLA CIAO | K82: Caramol / Cava | L82: 6 | M82: 0 | N82: =L82+M82 -> 6 | O82: TRUE | P82: TRUE | Q82: FALSE
A83: BC-082 | B83: 82 | C83: coctels | D83: CUBATA | E83: Alcohol / refresc | F83: Cubata | G83: Alcohol / Refresco | H83: Alcool avec soda | I83: Alcool / Soda | J83: Spirit with soft drink | K83: Spirit / Soft drink | L83: 7 | M83: 0 | N83: =L83+M83 -> 7 | O83: TRUE | P83: TRUE | Q83: FALSE
A84: BC-083 | B84: 83 | C84: coctels | D84: APEROL SPRITZ | E84: Aperol / cava / aigua amb gas | F84: APEROL SPRITZ | G84: Aperol / Cava / Agua con gas | H84: APEROL SPRITZ | I84: Aperol / Cava / Eau gazeuse | J84: APEROL SPRITZ | K84: Aperol / Cava / Sparkling water | L84: 9 | M84: 0 | N84: =L84+M84 -> 9 | O84: TRUE | P84: TRUE | Q84: FALSE
A85: BC-084 | B85: 84 | C85: coctels | D85: GIN-TÒNIC | E85: Hendrick’s / Floraison / Bombay Sapphire | F85: Gin-tonic | G85: Hendrick’s / Floraison / Bombay Sapphire | H85: Gin tonic | I85: Hendrick’s / Floraison / Bombay Sapphire | J85: Gin and tonic | K85: Hendrick’s / Floraison / Bombay Sapphire | L85: 0 | M85: 0 | N85: =L85+M85 -> 0 | O85: TRUE | P85: TRUE | Q85: FALSE
A86: BC-085 | B86: 85 | C86: cerveses | D86: LAGER ESTRELLA ANDORRA | E86: Cervesa clara i refrescant, de malta suau i final net. Alc. 4,5 %. | F86: LAGER ESTRELLA ANDORRA | G86: Cerveza clara y refrescante, con malta suave y final limpio. Alc. 4,5 %. | H86: LAGER ESTRELLA ANDORRA | I86: Bière blonde rafraîchissante, malt doux et finale nette. Alc. 4,5 %. | J86: LAGER ESTRELLA ANDORRA | K86: Light, refreshing beer with gentle malt and a clean finish. Alc. 4.5%. | L86: 3.6 | M86: 0 | N86: =L86+M86 -> 3.6 | O86: TRUE | P86: TRUE | Q86: TRUE
A87: BC-086 | B87: 86 | C87: cerveses | D87: TORRADA ANDBEER | E87: Cos ple, malta torrada amb aromes de pa negre i lleugers tocs de cafè. Alc. 6,3 %. | F87: TORRADA ANDBEER | G87: Cuerpo pleno, malta tostada con aromas de pan negro y ligeras notas de café. Alc. 6,3 %. | H87: TORRADA ANDBEER | I87: Corps généreux, malt torréfié aux arômes de pain noir et légères notes de café. Alc. 6,3 %. | J87: TORRADA ANDBEER | K87: Full-bodied toasted malt with dark-bread aromas and subtle coffee notes. Alc. 6.3%. | L87: 3.6 | M87: 0 | N87: =L87+M87 -> 3.6 | O87: TRUE | P87: TRUE | Q87: TRUE
A88: BC-087 | B88: 87 | C88: cerveses | D88: AMBER ALE ANDBEER | E88: Color coure, amb notes de caramel i malta torrada, equilibrada amb el llúpol. Alc. 6,3 %. | F88: AMBER ALE ANDBEER | G88: Color cobrizo, con notas de caramelo y malta tostada equilibradas por el lúpulo. Alc. 6,3 %. | H88: AMBER ALE ANDBEER | I88: Robe cuivrée, notes de caramel et de malt torréfié équilibrées par le houblon. Alc. 6,3 %. | J88: AMBER ALE ANDBEER | K88: Copper-coloured, with caramel and toasted-malt notes balanced by hops. Alc. 6.3%. | L88: 3.6 | M88: 0 | N88: =L88+M88 -> 3.6 | O88: TRUE | P88: TRUE | Q88: TRUE
A89: BC-088 | B89: 88 | C89: cerveses | D89: IPA DE MUNTANYA ANDBEER | E89: IPA aromàtica amb notes de pi i fruita tropical, cos mitjà i final amarg. Alc. 7,1 %. | F89: IPA DE MUNTANYA ANDBEER | G89: IPA aromática con notas de pino y fruta tropical, cuerpo medio y final amargo. Alc. 7,1 %. | H89: IPA DE MUNTANYA ANDBEER | I89: IPA aromatique aux notes de pin et de fruits tropicaux, corps moyen et finale amère. Alc. 7,1 %. | J89: IPA DE MUNTANYA ANDBEER | K89: Aromatic IPA with pine and tropical-fruit notes, medium body and a bitter finish. Alc. 7.1%. | L89: 4 | M89: 0 | N89: =L89+M89 -> 4 | O89: TRUE | P89: TRUE | Q89: TRUE
A90: BC-089 | B90: 89 | C90: cerveses | D90: CANYA | E90: 0,33 l | F90: Caña | G90: 0,33 l | H90: Bière pression 0,33 l | I90: 0,33 l | J90: Draft beer 0.33 l | K90: 0.33 l | L90: 3.1 | M90: 0 | N90: =L90+M90 -> 3.1 | O90: TRUE | P90: TRUE | Q90: FALSE
A91: BC-090 | B91: 90 | C91: cerveses | D91: JARRA | E91: 0,5 l | F91: Jarra | G91: 0,5 l | H91: Bière pression 0,5 l | I91: 0,5 l | J91: Draft beer 0.5 l | K91: 0.5 l | L91: 4 | M91: 0 | N91: =L91+M91 -> 4 | O91: TRUE | P91: TRUE | Q91: FALSE
A92: BC-SUP-001 | B92: 100 | C92: suplements | D92: PERNIL DOLÇ | F92: Jamón cocido | H92: Jambon blanc | J92: Cooked ham | L92: 3 | M92: 0 | N92: =L92+M92 -> 3 | O92: TRUE | P92: TRUE | Q92: TRUE
A93: BC-SUP-002 | B93: 101 | C93: suplements | D93: MOZZARELLA | F93: Mozzarella | H93: Mozzarella | J93: Mozzarella | L93: 3 | M93: 0 | N93: =L93+M93 -> 3 | O93: TRUE | P93: TRUE | Q93: TRUE
A94: BC-SUP-003 | B94: 102 | C94: suplements | D94: ANXOVES | E94: 6 unitats | F94: Anchoas | G94: 6 unidades | H94: Anchois | I94: 6 pièces | J94: Anchovies | K94: 6 pieces | L94: 4.5 | M94: 0 | N94: =L94+M94 -> 4.5 | O94: TRUE | P94: TRUE | Q94: TRUE
A95: BC-SUP-004 | B95: 103 | C95: suplements | D95: CHAMPIGNON | F95: Champiñones | H95: Champignons | J95: Mushrooms | L95: 2.25 | M95: 0 | N95: =L95+M95 -> 2.25 | O95: TRUE | P95: TRUE | Q95: TRUE
A96: BC-SUP-005 | B96: 104 | C96: suplements | D96: CARXOFA | F96: Alcachofa | H96: Artichaut | J96: Artichoke | L96: 2.25 | M96: 0 | N96: =L96+M96 -> 2.25 | O96: TRUE | P96: TRUE | Q96: TRUE
A97: BC-SUP-006 | B97: 105 | C97: suplements | D97: TONYINA | F97: Atún | H97: Thon | J97: Tuna | L97: 3.5 | M97: 0 | N97: =L97+M97 -> 3.5 | O97: TRUE | P97: TRUE | Q97: TRUE
A98: BC-SUP-007 | B98: 106 | C98: suplements | D98: CEBA | F98: Cebolla | H98: Oignon | J98: Onion | L98: 1.5 | M98: 0 | N98: =L98+M98 -> 1.5 | O98: TRUE | P98: TRUE | Q98: TRUE
A99: BC-SUP-008 | B99: 107 | C99: suplements | D99: OU | F99: Huevo | H99: Œuf | J99: Egg | L99: 1.5 | M99: 0 | N99: =L99+M99 -> 1.5 | O99: TRUE | P99: TRUE | Q99: TRUE
A100: BC-SUP-009 | B100: 108 | C100: suplements | D100: BURRATA | F100: Burrata | H100: Burrata | J100: Burrata | L100: 5.75 | M100: 0 | N100: =L100+M100 -> 5.75 | O100: TRUE | P100: TRUE | Q100: TRUE
A101: BC-SUP-010 | B101: 109 | C101: suplements | D101: PERNIL IBÈRIC | F101: Jamón ibérico | H101: Jambon ibérique | J101: Iberian ham | L101: 5.75 | M101: 0 | N101: =L101+M101 -> 5.75 | O101: TRUE | P101: TRUE | Q101: TRUE
A102: BC-SUP-011 | B102: 110 | C102: suplements | D102: VERDURES EXTRA | F102: Verduras extra | H102: Légumes supplémentaires | J102: Extra vegetables | L102: 2.25 | M102: 0 | N102: =L102+M102 -> 2.25 | O102: TRUE | P102: TRUE | Q102: TRUE
A103: BC-SUP-012 | B103: 111 | C103: suplements | D103: TOMÀQUET | F103: Tomate | H103: Tomate | J103: Tomato | L103: 2.25 | M103: 0 | N103: =L103+M103 -> 2.25 | O103: TRUE | P103: TRUE | Q103: TRUE
A104: BC-SUP-013 | B104: 112 | C104: suplements | D104: SALSES | F104: Salsas | H104: Sauces | J104: Sauces | L104: 2 | M104: 0 | N104: =L104+M104 -> 2 | O104: TRUE | P104: TRUE | Q104: TRUE
A105: BC-SUP-014 | B105: 113 | C105: suplements | D105: GUANCIALE | F105: Guanciale | H105: Guanciale | J105: Guanciale | L105: 3.75 | M105: 0 | N105: =L105+M105 -> 3.75 | O105: TRUE | P105: TRUE | Q105: TRUE
A106: BC-SUP-015 | B106: 114 | C106: suplements | D106: PARMESÀ | F106: Parmesano | H106: Parmesan | J106: Parmesan | L106: 3.5 | M106: 0 | N106: =L106+M106 -> 3.5 | O106: TRUE | P106: TRUE | Q106: TRUE
... A108: BC-SUP-017 | B108: 116 | C108: suplements | D108: OLIVES | F108: Aceitunas | H108: Olives | J108: Olives | L108: 1.5 | M108: 0 | N108: =L108+M108 -> 1.5 | O108: TRUE | P108: TRUE | Q108: TRUE
A109: BC-SUG-001 | B109: 200 | C109: pizzes | D109: CREMA DI PEPERONI & SALAMI | E109: crema de pebrot / mozzarella fresca / salami / pistatxo / alfàbrega | L109: 15.5 | M109: 0 | N109: =IF(L109="","",L109+M109) -> 15.5 | O109: FALSE | P109: FALSE | Q109: FALSE
A110: BC-SUG-002 | B110: 201 | C110: pizzes | D110: PIZZA DE L’ANY AMB SALSA GROGA | E110: tomàquets grocs / tomàquets cherry / stracciatella / ceba marinada / alfàbrega | L110: 16.5 | M110: 0 | N110: =IF(L110="","",L110+M110) -> 16.5 | O110: FALSE | P110: FALSE | Q110: FALSE
A111: BC-SUG-003 | B111: 202 | C111: entrants | D111: FOCACCIA AMB MORTADEL·LA DE TÒFONA I BURRATA | L111: 15 | M111: 0 | N111: =IF(L111="","",L111+M111) -> 15 | O111: FALSE | P111: FALSE | Q111: FALSE
A112: BC-SUG-004 | B112: 203 | C112: pasta_farcida | D112: TORTELLINI AMB SALMÓ I GORGONZOLA | E112: fets a mà / salsa casolana | L112: 18 | M112: 0 | N112: =IF(L112="","",L112+M112) -> 18 | O112: FALSE | P112: FALSE | Q112: FALSE

Sheet CONTROL
A1: BELLA CIAO | PANEL DE CARTAS
A2: GESTIÓN CORPORATIVA · SOLO SHEETS
A3: Carta seleccionada | B3: DELIVERY
A4: Idioma de visualización | B4: CAT
A6: CANALES | B6: RESTAURANTE · WEB · DELIVERY/TAKE AWAY
A7: PRECIO | B7: Restaurante y web igual. Delivery = base + incremento en €.
A8: PRODUCTOS | B8: Activar/desactivar desde MAESTRA, columnas O · P · Q
A9: IMÁGENES | B9: Introducir URL en MAESTRA, columna R
A10: VALIDACIÓN | B10: Datos en revisión: no publicar hasta validación.
A11: FUENTE | B11: Cartas V2 de Bella Ciao, conservadas en Drive.

Sheet VISTA
A1: ID | B1: Categoría | C1: Producto | D1: Ingredientes / detalle | E1: Precio (€) | F1: Imagen URL
A2: =IFERROR(__xludf.DUMMYFUNCTION("IF(CONTROL!B3=""TODAS"",IFERROR(FILTER(HSTACK(MAESTRA!A2:A200,MAESTRA!C2:C200,IF(CONTROL!$B$4=""CAT"",MAESTRA!D2:D200,IF(CONTROL!$B$4=""ES"",MAESTRA!F2:F200,IF(CONTROL!$B$4=""FR"",MAESTRA!H2:H200,MAESTRA!J2:J200))),IF(CONTROL!$B$4=""CAT"",MAESTRA!E2:E200,"&"IF(CONTROL!$B$4=""ES"",MAESTRA!G2:G200,IF(CONTROL!$B$4=""FR"",MAESTRA!I2:I200,MAESTRA!K2:K200))),MAESTRA!L2:L200,MAESTRA!R2:R200),MAESTRA!A2:A200<>"""",MAESTRA!A2:A200<>""""),""""),IF(CONTROL!B3=""RESTAURANTE"",IFERROR(FILTER(HSTACK(MAESTRA!A2:A200,MAESTR"&"A!C2:C200,IF(CONTROL!$B$4=""CAT"",MAESTRA!D2:D200,IF(CONTROL!$B$4=""ES"",MAESTRA!F2:F200,IF(CONTROL!$B$4=""FR"",MAESTRA!H2:H200,MAESTRA!J2:J200))),IF(CONTROL!$B$4=""CAT"",MAESTRA!E2:E200,IF(CONTROL!$B$4=""ES"",MAESTRA!G2:G200,IF(CONTROL!$B$4=""FR"",MAESTR"&"A!I2:I200,MAESTRA!K2:K200))),MAESTRA!L2:L200,MAESTRA!R2:R200),MAESTRA!A2:A200<>"""",MAESTRA!O2:O200=TRUE),""""),IF(CONTROL!B3=""DELIVERY"",IFERROR(FILTER(HSTACK(MAESTRA!A2:A200,MAESTRA!C2:C200,IF(CONTROL!$B$4=""CAT"",MAESTRA!D2:D200,IF(CONTROL!$B$4=""ES"""&",MAESTRA!F2:F200,IF(CONTROL!$B$4=""FR"",MAESTRA!H2:H200,MAESTRA!J2:J200))),IF(CONTROL!$B$4=""CAT"",MAESTRA!E2:E200,IF(CONTROL!$B$4=""ES"",MAESTRA!G2:G200,IF(CONTROL!$B$4=""FR"",MAESTRA!I2:I200,MAESTRA!K2:K200))),MAESTRA!N2:N200,MAESTRA!R2:R200),MAESTRA!A2"&":A200<>"""",MAESTRA!Q2:Q200=TRUE),""""),IFERROR(FILTER(HSTACK(MAESTRA!A2:A200,MAESTRA!C2:C200,IF(CONTROL!$B$4=""CAT"",MAESTRA!D2:D200,IF(CONTROL!$B$4=""ES"",MAESTRA!F2:F200,IF(CONTROL!$B$4=""FR"",MAESTRA!H2:H200,MAESTRA!J2:J200))),IF(CONTROL!$B$4=""CAT"","&"MAESTRA!E2:E200,IF(CONTROL!$B$4=""ES"",MAESTRA!G2:G200,IF(CONTROL!$B$4=""FR"",MAESTRA!I2:I200,MAESTRA!K2:K200))),MAESTRA!L2:L200,MAESTRA!R2:R200),MAESTRA!A2:A200<>"""",MAESTRA!P2:P200=TRUE),""""))))"),"BC-001") -> BC-001 | B2: =IFERROR(__xludf.DUMMYFUNCTION("""COMPUTED_VALUE"""),"entrants") -> entrants | C2: =IFERROR(__xludf.DUMMYFUNCTION("""COMPUTED_VALUE"""),"PA DE PIZZA") -> PA DE PIZZA | D2: =IFERROR(__xludf.DUMMYFUNCTION("""COMPUTED_VALUE"""),"Massa normal / integral") -> Massa normal / integral | E2: =IFERROR(__xludf.DUMMYFUNCTION("""COMPUTED_VALUE"""),5.0) -> 5 | F2: =IFERROR(__xludf.DUMMYFUNCTION("""COMPUTED_VALUE"""),"")
A3: =IFERROR(__xludf.DUMMYFUNCTION("""COMPUTED_VALUE"""),"BC-002") -> BC-002 | B3: =IFERROR(__xludf.DUMMYFUNCTION("""COMPUTED_VALUE"""),"entrants") -> entrants | C3: =IFERROR(__xludf.DUMMYFUNCTION("""COMPUTED_VALUE"""),"FOCACCIA") -> FOCACCIA | D3: =IFERROR(__xludf.DUMMYFUNCTION("""COMPUTED_VALUE"""),"") | E3: =IFERROR(__xludf.DUMMYFUNCTION("""COMPUTED_VALUE"""),5.0) -> 5 | F3: =IFERROR(__xludf.DUMMYFUNCTION("""COMPUTED_VALUE"""),"")
A4: =IFERROR(__xludf.DUMMYFUNCTION("""COMPUTED_VALUE"""),"BC-003") -> BC-003 | B4: =IFERROR(__xludf.DUMMYFUNCTION("""COMPUTED_VALUE"""),"entrants") -> entrants | C4: =IFERROR(__xludf.DUMMYFUNCTION("""COMPUTED_VALUE"""),"PROVOLONE") -> PROVOLONE | D4: =IFERROR(__xludf.DUMMYFUNCTION("""COMPUTED_VALUE"""),"") | E4: =IFERROR(__xludf.DUMMYFUNCTION("""COMPUTED_VALUE"""),10.0) -> 10 | F4: =IFERROR(__xludf.DUMMYFUNCTION("""COMPUTED_VALUE"""),"")
A5: =IFERROR(__xludf.DUMMYFUNCTION("""COMPUTED_VALUE"""),"BC-009") -> BC-009 | B5: =IFERROR(__xludf.DUMMYFUNCTION("""COMPUTED_VALUE"""),"amanides") -> amanides | C5: =IFERROR(__xludf.DUMMYFUNCTION("""COMPUTED_VALUE"""),"BUFALATA") -> BUFALATA | D5: =IFERROR(__xludf.DUMMYFUNCTION("""COMPUTED_VALUE"""),"Mesclum / burrata / bresaola / nous / olives") -> Mesclum / burrata / bresaola / nous / olives | E5: =IFERROR(__xludf.DUMMYFUNCTION("""COMPUTED_VALUE"""),16.0) -> 16 | F5: =IFERROR(__xludf.DUMMYFUNCTION("""COMPUTED_VALUE"""),"")
A6: =IFERROR(__xludf.DUMMYFUNCTION("""COMPUTED_VALUE"""),"BC-010") -> BC-010 | B6: =IFERROR(__xludf.DUMMYFUNCTION("""COMPUTED_VALUE"""),"amanides") -> amanides | C6: =IFERROR(__xludf.DUMMYFUNCTION("""COMPUTED_VALUE"""),"CÈSAR") -> CÈSAR | D6: =IFERROR(__xludf.DUMMYFUNCTION("""COMPUTED_VALUE"""),"Enciam / pollastre / crostons / cherry / parmesà / salsa cèsar") -> Enciam / pollastre / crostons / cherry / parmesà / salsa cèsar | E6: =IFERROR(__xludf.DUMMYFUNCTION("""COMPUTED_VALUE"""),16.0) -> 16 | F6: =IFERROR(__xludf.DUMMYFUNCTION("""COMPUTED_VALUE"""),"")
A7: =IFERROR(__xludf.DUMMYFUNCTION("""COMPUTED_VALUE"""),"BC-011") -> BC-011 | B7: =IFERROR(__xludf.DUMMYFUNCTION("""COMPUTED_VALUE"""),"amanides") -> amanides | C7: =IFERROR(__xludf.DUMMYFUNCTION("""COMPUTED_VALUE"""),"CABRA") -> CABRA | D7: =IFERROR(__xludf.DUMMYFUNCTION("""COMPUTED_VALUE"""),"Mesclum / cherry / escalivada / albergínia, pebre, ceba / nous / cabra / balsàmic") -> Mesclum / cherry / escalivada / albergínia, pebre, ceba / nous / cabra / balsàmic | E7: =IFERROR(__xludf.DUMMYFUNCTION("""COMPUTED_VALUE"""),16.0) -> 16 | F7: =IFERROR(__xludf.DUMMYFUNCTION("""COMPUTED_VALUE"""),"")
A8: =IFERROR(__xludf.DUMMYFUNCTION("""COMPUTED_VALUE"""),"BC-012") -> BC-012 | B8: =IFERROR(__xludf.DUMMYFUNCTION("""COMPUTED_VALUE"""),"amanides") -> amanides | C8: =IFERROR(__xludf.DUMMYFUNCTION("""COMPUTED_VALUE"""),"LUNA CAPRESE") -> LUNA CAPRESE | D8: =IFERROR(__xludf.DUMMYFUNCTION("""COMPUTED_VALUE"""),"Tomàquet / mozzarella / salsa pesto / ruca / salsa mòdena") -> Tomàquet / mozzarella / salsa pesto / ruca / salsa mòdena | E8: =IFERROR(__xludf.DUMMYFUNCTION("""COMPUTED_VALUE"""),15.5) -> 15.5 | F8: =IFERROR(__xludf.DUMMYFUNCTION("""COMPUTED_VALUE"""),"")
A9: =IFERROR(__xludf.DUMMYFUNCTION("""COMPUTED_VALUE"""),"BC-017") -> BC-017 | B9: =IFERROR(__xludf.DUMMYFUNCTION("""COMPUTED_VALUE"""),"carn") -> carn | C9: =IFERROR(__xludf.DUMMYFUNCTION("""COMPUTED_VALUE"""),"EMBOTITS ITALIANS") -> EMBOTITS ITALIANS | D9: =IFERROR(__xludf.DUMMYFUNCTION("""COMPUTED_VALUE"""),"Bresaola / salami / mortadel·la de tòfona / mortadel·la de pistatxos / la piatta piccante") -> Bresaola / salami / mortadel·la de tòfona / mortadel·la de pistatxos / la piatta piccante | E9: =IFERROR(__xludf.DUMMYFUNCTION("""COMPUTED_VALUE"""),22.5) -> 22.5 | F9: =IFERROR(__xludf.DUMMYFUNCTION("""COMPUTED_VALUE"""),"")
A10: =IFERROR(__xludf.DUMMYFUNCTION("""COMPUTED_VALUE"""),"BC-018") -> BC-018 | B10: =IFERROR(__xludf.DUMMYFUNCTION("""COMPUTED_VALUE"""),"pasta") -> pasta | C10: =IFERROR(__xludf.DUMMYFUNCTION("""COMPUTED_VALUE"""),"BIGOLI ALLA NAPOLITANA") -> BIGOLI ALLA NAPOLITANA | D10: =IFERROR(__xludf.DUMMYFUNCTION("""COMPUTED_VALUE"""),"Pasta amb tomàquets") -> Pasta amb tomàquets | E10: =IFERROR(__xludf.DUMMYFUNCTION("""COMPUTED_VALUE"""),9.5) -> 9.5 | F10: =IFERROR(__xludf.DUMMYFUNCTION("""COMPUTED_VALUE"""),"")
A11: =IFERROR(__xludf.DUMMYFUNCTION("""COMPUTED_VALUE"""),"BC-019") -> BC-019 | B11: =IFERROR(__xludf.DUMMYFUNCTION("""COMPUTED_VALUE"""),"pasta") -> pasta | C11: =IFERROR(__xludf.DUMMYFUNCTION("""COMPUTED_VALUE"""),"TAGLIATELLE TARTUFATA") -> TAGLIATELLE TARTUFATA | D11: =IFERROR(__xludf.DUMMYFUNCTION("""COMPUTED_VALUE"""),"Amb crema de tòfona") -> Amb crema de tòfona | E11: =IFERROR(__xludf.DUMMYFUNCTION("""COMPUTED_VALUE"""),14.0) -> 14 | F11: =IFERROR(__xludf.DUMMYFUNCTION("""COMPUTED_VALUE"""),"")
A12: =IFERROR(__xludf.DUMMYFUNCTION("""COMPUTED_VALUE"""),"BC-020") -> BC-020 | B12: =IFERROR(__xludf.DUMMYFUNCTION("""COMPUTED_VALUE"""),"pasta") -> pasta | C12: =IFERROR(__xludf.DUMMYFUNCTION("""COMPUTED_VALUE"""),"GARGANELLI ALL’ARRABBIATA") -> GARGANELLI ALL’ARRABBIATA | D12: =IFERROR(__xludf.DUMMYFUNCTION("""COMPUTED_VALUE"""),"Salsa picant tradicional casolana") -> Salsa picant tradicional casolana | E12: =IFERROR(__xludf.DUMMYFUNCTION("""COMPUTED_VALUE"""),14.0) -> 14 | F12: =IFERROR(__xludf.DUMMYFUNCTION("""COMPUTED_VALUE"""),"")
A13: =IFERROR(__xludf.DUMMYFUNCTION("""COMPUTED_VALUE"""),"BC-021") -> BC-021 | B13: =IFERROR(__xludf.DUMMYFUNCTION("""COMPUTED_VALUE"""),"pasta") -> pasta | C13: =IFERROR(__xludf.DUMMYFUNCTION("""COMPUTED_VALUE"""),"SPAGHETTI RAGÚ ALLA BOLOGNESE") -> SPAGHETTI RAGÚ ALLA BOLOGNESE | D13: =IFERROR(__xludf.DUMMYFUNCTION("""COMPUTED_VALUE"""),"Salsa casolana de carn d'Andorra") -> Salsa casolana de carn d'Andorra | E13: =IFERROR(__xludf.DUMMYFUNCTION("""COMPUTED_VALUE"""),15.5) -> 15.5 | F13: =IFERROR(__xludf.DUMMYFUNCTION("""COMPUTED_VALUE"""),"")
A14: =IFERROR(__xludf.DUMMYFUNCTION("""COMPUTED_VALUE"""),"BC-023") -> BC-023 | B14: =IFERROR(__xludf.DUMMYFUNCTION("""COMPUTED_VALUE"""),"pasta") -> pasta | C14: =IFERROR(__xludf.DUMMYFUNCTION("""COMPUTED_VALUE"""),"LINGUINE D’ALL I ALFÀBREGA AMB PESTO") -> LINGUINE D’ALL I ALFÀBREGA AMB PESTO | D14: =IFERROR(__xludf.DUMMYFUNCTION("""COMPUTED_VALUE"""),"Salsa casolana d’alfàbrega de quilòmetre 0") -> Salsa casolana d’alfàbrega de quilòmetre 0 | E14: =IFERROR(__xludf.DUMMYFUNCTION("""COMPUTED_VALUE"""),15.5) -> 15.5 | F14: =IFERROR(__xludf.DUMMYFUNCTION("""COMPUTED_VALUE"""),"")
A15: =IFERROR(__xludf.DUMMYFUNCTION("""COMPUTED_VALUE"""),"BC-024") -> BC-024 | B15: =IFERROR(__xludf.DUMMYFUNCTION("""COMPUTED_VALUE"""),"pasta") -> pasta | C15: =IFERROR(__xludf.DUMMYFUNCTION("""COMPUTED_VALUE"""),"BIGOLI ALLA CARBONARA") -> BIGOLI ALLA CARBONARA | D15: =IFERROR(__xludf.DUMMYFUNCTION("""COMPUTED_VALUE"""),"Recepta tradicional amb ous i guanciale") -> Recepta tradicional amb ous i guanciale | E15: =IFERROR(__xludf.DUMMYFUNCTION("""COMPUTED_VALUE"""),17.0) -> 17 | F15: =IFERROR(__xludf.DUMMYFUNCTION("""COMPUTED_VALUE"""),"")
A16: =IFERROR(__xludf.DUMMYFUNCTION("""COMPUTED_VALUE"""),"BC-026") -> BC-026 | B16: =IFERROR(__xludf.DUMMYFUNCTION("""COMPUTED_VALUE"""),"pasta_farcida") -> pasta_farcida | C16: =IFERROR(__xludf.DUMMYFUNCTION("""COMPUTED_VALUE"""),"RAVIOLIS DE BOLETS") -> RAVIOLIS DE BOLETS | D16: =IFERROR(__xludf.DUMMYFUNCTION("""COMPUTED_VALUE"""),"Servit amb salsa casolana de pesto") -> Servit amb salsa casolana de pesto | E16: =IFERROR(__xludf.DUMMYFUNCTION("""COMPUTED_VALUE"""),17.5) -> 17.5 | F16: =IFERROR(__xludf.DUMMYFUNCTION("""COMPUTED_VALUE"""),"")
A17: =IFERROR(__xludf.DUMMYFUNCTION("""COMPUTED_VALUE"""),"BC-028") -> BC-028 | B17: =IFERROR(__xludf.DUMMYFUNCTION("""COMPUTED_VALUE"""),"pasta_farcida") -> pasta_farcida | C17: =IFERROR(__xludf.DUMMYFUNCTION("""COMPUTED_VALUE"""),"CANELONS DE CARN") -> CANELONS DE CARN | D17: =IFERROR(__xludf.DUMMYFUNCTION("""COMPUTED_VALUE"""),"Canelons fets per nosaltres servits amb salsa boloñesa casolana") -> Canelons fets per nosaltres servits amb salsa boloñesa casolana | E17: =IFERROR(__xludf.DUMMYFUNCTION("""COMPUTED_VALUE"""),13.5) -> 13.5 | F17: =IFERROR(__xludf.DUMMYFUNCTION("""COMPUTED_VALUE"""),"")
A18: =IFERROR(__xludf.DUMMYFUNCTION("""COMPUTED_VALUE"""),"BC-029") -> BC-029 | B18: =IFERROR(__xludf.DUMMYFUNCTION("""COMPUTED_VALUE"""),"pasta_farcida") -> pasta_farcida | C18: =IFERROR(__xludf.DUMMYFUNCTION("""COMPUTED_VALUE"""),"NYOQUIS") -> NYOQUIS | D18: =IFERROR(__xludf.DUMMYFUNCTION("""COMPUTED_VALUE"""),"Crema de tomàquet fresc i stracciatella") -> Crema de tomàquet fresc i stracciatella | E18: =IFERROR(__xludf.DUMMYFUNCTION("""COMPUTED_VALUE"""),16.0) -> 16 | F18: =IFERROR(__xludf.DUMMYFUNCTION("""COMPUTED_VALUE"""),"")
A19: =IFERROR(__xludf.DUMMYFUNCTION("""COMPUTED_VALUE"""),"BC-030") -> BC-030 | B19: =IFERROR(__xludf.DUMMYFUNCTION("""COMPUTED_VALUE"""),"pasta_farcida") -> pasta_farcida | C19: =IFERROR(__xludf.DUMMYFUNCTION("""COMPUTED_VALUE"""),"LASANYA BOLONYESA") -> LASANYA BOLONYESA | D19: =IFERROR(__xludf.DUMMYFUNCTION("""COMPUTED_VALUE"""),"Feta per nosaltres / salsa bolonyesa casolana") -> Feta per nosaltres / salsa bolonyesa casolana | E19: =IFERROR(__xludf.DUMMYFUNCTION("""COMPUTED_VALUE"""),15.5) -> 15.5 | F19: =IFERROR(__xludf.DUMMYFUNCTION("""COMPUTED_VALUE"""),"")
A20: =IFERROR(__xludf.DUMMYFUNCTION("""COMPUTED_VALUE"""),"BC-031") -> BC-031 | B20: =IFERROR(__xludf.DUMMYFUNCTION("""COMPUTED_VALUE"""),"pasta_farcida") -> pasta_farcida | C20: =IFERROR(__xludf.DUMMYFUNCTION("""COMPUTED_VALUE"""),"RISOTTO DE BOLETS") -> RISOTTO DE BOLETS | D20: =IFERROR(__xludf.DUMMYFUNCTION("""COMPUTED_VALUE"""),"Amb crema de tòfona") -> Amb crema de tòfona | E20: =IFERROR(__xludf.DUMMYFUNCTION("""COMPUTED_VALUE"""),19.0) -> 19 | F20: =IFERROR(__xludf.DUMMYFUNCTION("""COMPUTED_VALUE"""),"")
A21: =IFERROR(__xludf.DUMMYFUNCTION("""COMPUTED_VALUE"""),"BC-032") -> BC-032 | B21: =IFERROR(__xludf.DUMMYFUNCTION("""COMPUTED_VALUE"""),"pizzes") -> pizzes | C21: =IFERROR(__xludf.DUMMYFUNCTION("""COMPUTED_VALUE"""),"MARGARITA") -> MARGARITA | D21: =IFERROR(__xludf.DUMMYFUNCTION("""COMPUTED_VALUE"""),"Tomàquet / mozzarella") -> Tomàquet / mozzarella | E21: =IFERROR(__xludf.DUMMYFUNCTION("""COMPUTED_VALUE"""),12.0) -> 12 | F21: =IFERROR(__xludf.DUMMYFUNCTION("""COMPUTED_VALUE"""),"")
A22: =IFERROR(__xludf.DUMMYFUNCTION("""COMPUTED_VALUE"""),"BC-033") -> BC-033 | B22: =IFERROR(__xludf.DUMMYFUNCTION("""COMPUTED_VALUE"""),"pizzes") -> pizzes | C22: =IFERROR(__xludf.DUMMYFUNCTION("""COMPUTED_VALUE"""),"PROSCIUTO") -> PROSCIUTO | D22: =IFERROR(__xludf.DUMMYFUNCTION("""COMPUTED_VALUE"""),"Tomàquet / mozzarella / pernil dolç") -> Tomàquet / mozzarella / pernil dolç | E22: =IFERROR(__xludf.DUMMYFUNCTION("""COMPUTED_VALUE"""),14.5) -> 14.5 | F22: =IFERROR(__xludf.DUMMYFUNCTION("""COMPUTED_VALUE"""),"")
A23: =IFERROR(__xludf.DUMMYFUNCTION("""COMPUTED_VALUE"""),"BC-034") -> BC-034 | B23: =IFERROR(__xludf.DUMMYFUNCTION("""COMPUTED_VALUE"""),"pizzes") -> pizzes | C23: =IFERROR(__xludf.DUMMYFUNCTION("""COMPUTED_VALUE"""),"REGINA") -> REGINA | D23: =IFERROR(__xludf.DUMMYFUNCTION("""COMPUTED_VALUE"""),"Tomàquet / mozzarella / pernil dolç / xampinyons") -> Tomàquet / mozzarella / pernil dolç / xampinyons | E23: =IFERROR(__xludf.DUMMYFUNCTION("""COMPUTED_VALUE"""),15.0) -> 15 | F23: =IFERROR(__xludf.DUMMYFUNCTION("""COMPUTED_VALUE"""),"")
A24: =IFERROR(__xludf.DUMMYFUNCTION("""COMPUTED_VALUE"""),"BC-035") -> BC-035 | B24: =IFERROR(__xludf.DUMMYFUNCTION("""COMPUTED_VALUE"""),"pizzes") -> pizzes | C24: =IFERROR(__xludf.DUMMYFUNCTION("""COMPUTED_VALUE"""),"CALZONE") -> CALZONE | D24: =IFERROR(__xludf.DUMMYFUNCTION("""COMPUTED_VALUE"""),"Tomàquet / mozzarella / pernil dolç / ou") -> Tomàquet / mozzarella / pernil dolç / ou | E24: =IFERROR(__xludf.DUMMYFUNCTION("""COMPUTED_VALUE"""),17.0) -> 17 | F24: =IFERROR(__xludf.DUMMYFUNCTION("""COMPUTED_VALUE"""),"")
A25: =IFERROR(__xludf.DUMMYFUNCTION("""COMPUTED_VALUE"""),"BC-036") -> BC-036 | B25: =IFERROR(__xludf.DUMMYFUNCTION("""COMPUTED_VALUE"""),"pizzes") -> pizzes | C25: =IFERROR(__xludf.DUMMYFUNCTION("""COMPUTED_VALUE"""),"PEPPERONI") -> PEPPERONI | D25: =IFERROR(__xludf.DUMMYFUNCTION("""COMPUTED_VALUE"""),"Tomàquet / mozzarella / pepperoni / bitxo verd") -> Tomàquet / mozzarella / pepperoni / bitxo verd | E25: =IFERROR(__xludf.DUMMYFUNCTION("""COMPUTED_VALUE"""),15.5) -> 15.5 | F25: =IFERROR(__xludf.DUMMYFUNCTION("""COMPUTED_VALUE"""),"")
A26: =IFERROR(__xludf.DUMMYFUNCTION("""COMPUTED_VALUE"""),"BC-037") -> BC-037 | B26: =IFERROR(__xludf.DUMMYFUNCTION("""COMPUTED_VALUE"""),"pizzes") -> pizzes | C26: =IFERROR(__xludf.DUMMYFUNCTION("""COMPUTED_VALUE"""),"CAPRESE") -> CAPRESE | D26: =IFERROR(__xludf.DUMMYFUNCTION("""COMPUTED_VALUE"""),"Tomàquet / mozzarella fresca / tomàquet sec casolà / alfàbrega") -> Tomàquet / mozzarella fresca / tomàquet sec casolà / alfàbrega | E26: =IFERROR(__xludf.DUMMYFUNCTION("""COMPUTED_VALUE"""),15.5) -> 15.5 | F26: =IFERROR(__xludf.DUMMYFUNCTION("""COMPUTED_VALUE"""),"")
A27: =IFERROR(__xludf.DUMMYFUNCTION("""COMPUTED_VALUE"""),"BC-039") -> BC-039 | B27: =IFERROR(__xludf.DUMMYFUNCTION("""COMPUTED_VALUE"""),"pizzes") -> pizzes | C27: =IFERROR(__xludf.DUMMYFUNCTION("""COMPUTED_VALUE"""),"IBÉRICA") -> IBÉRICA | D27: =IFERROR(__xludf.DUMMYFUNCTION("""COMPUTED_VALUE"""),"Tomàquet / mozzarella / pernil ibèric / parmesà / ruca") -> Tomàquet / mozzarella / pernil ibèric / parmesà / ruca | E27: =IFERROR(__xludf.DUMMYFUNCTION("""COMPUTED_VALUE"""),18.5) -> 18.5 | F27: =IFERROR(__xludf.DUMMYFUNCTION("""COMPUTED_VALUE"""),"")
A28: =IFERROR(__xludf.DUMMYFUNCTION("""COMPUTED_VALUE"""),"BC-040") -> BC-040 | B28: =IFERROR(__xludf.DUMMYFUNCTION("""COMPUTED_VALUE"""),"pizzes") -> pizzes | C28: =IFERROR(__xludf.DUMMYFUNCTION("""COMPUTED_VALUE"""),"4 ESTACIONS") -> 4 ESTACIONS | D28: =IFERROR(__xludf.DUMMYFUNCTION("""COMPUTED_VALUE"""),"Tomàquet / mozzarella / pernil dolç / xampinyons / carxofes / olives") -> Tomàquet / mozzarella / pernil dolç / xampinyons / carxofes / olives | E28: =IFERROR(__xludf.DUMMYFUNCTION("""COMPUTED_VALUE"""),16.0) -> 16 | F28: =IFERROR(__xludf.DUMMYFUNCTION("""COMPUTED_VALUE"""),"")
A29: =IFERROR(__xludf.DUMMYFUNCTION("""COMPUTED_VALUE"""),"BC-041") -> BC-041 | B29: =IFERROR(__xludf.DUMMYFUNCTION("""COMPUTED_VALUE"""),"pizzes") -> pizzes | C29: =IFERROR(__xludf.DUMMYFUNCTION("""COMPUTED_VALUE"""),"BELLA CIAO") -> BELLA CIAO | D29: =IFERROR(__xludf.DUMMYFUNCTION("""COMPUTED_VALUE"""),"Tomàquet / mozzarella / bologna / burrata / vinagreta de pistatxo") -> Tomàquet / mozzarella / bologna / burrata / vinagreta de pistatxo | E29: =IFERROR(__xludf.DUMMYFUNCTION("""COMPUTED_VALUE"""),17.5) -> 17.5 | F29: =IFERROR(__xludf.DUMMYFUNCTION("""COMPUTED_VALUE"""),"")
A30: =IFERROR(__xludf.DUMMYFUNCTION("""COMPUTED_VALUE"""),"BC-042") -> BC-042 | B30: =IFERROR(__xludf.DUMMYFUNCTION("""COMPUTED_VALUE"""),"pizzes") -> pizzes | C30: =IFERROR(__xludf.DUMMYFUNCTION("""COMPUTED_VALUE"""),"ITALIANA") -> ITALIANA | D30: =IFERROR(__xludf.DUMMYFUNCTION("""COMPUTED_VALUE"""),"Tomàquet / ruca / mozzarella / cherry / burrata / salsa pesto") -> Tomàquet / ruca / mozzarella / cherry / burrata / salsa pesto | E30: =IFERROR(__xludf.DUMMYFUNCTION("""COMPUTED_VALUE"""),18.0) -> 18 | F30: =IFERROR(__xludf.DUMMYFUNCTION("""COMPUTED_VALUE"""),"")
A31: =IFERROR(__xludf.DUMMYFUNCTION("""COMPUTED_VALUE"""),"BC-043") -> BC-043 | B31: =IFERROR(__xludf.DUMMYFUNCTION("""COMPUTED_VALUE"""),"pizzes") -> pizzes | C31: =IFERROR(__xludf.DUMMYFUNCTION("""COMPUTED_VALUE"""),"VEGETARIANA") -> VEGETARIANA | D31: =IFERROR(__xludf.DUMMYFUNCTION("""COMPUTED_VALUE"""),"Tomàquet / mozzarella / pebrot / carxofes / xampinyons / ceba") -> Tomàquet / mozzarella / pebrot / carxofes / xampinyons / ceba | E31: =IFERROR(__xludf.DUMMYFUNCTION("""COMPUTED_VALUE"""),16.5) -> 16.5 | F31: =IFERROR(__xludf.DUMMYFUNCTION("""COMPUTED_VALUE"""),"")
A32: =IFERROR(__xludf.DUMMYFUNCTION("""COMPUTED_VALUE"""),"BC-044") -> BC-044 | B32: =IFERROR(__xludf.DUMMYFUNCTION("""COMPUTED_VALUE"""),"pizzes_blanques") -> pizzes_blanques | C32: =IFERROR(__xludf.DUMMYFUNCTION("""COMPUTED_VALUE"""),"TARTUFATA") -> TARTUFATA | D32: =IFERROR(__xludf.DUMMYFUNCTION("""COMPUTED_VALUE"""),"Mozzarella / crema de tòfona / romaní / parmesà") -> Mozzarella / crema de tòfona / romaní / parmesà | E32: =IFERROR(__xludf.DUMMYFUNCTION("""COMPUTED_VALUE"""),15.5) -> 15.5 | F32: =IFERROR(__xludf.DUMMYFUNCTION("""COMPUTED_VALUE"""),"")
A33: =IFERROR(__xludf.DUMMYFUNCTION("""COMPUTED_VALUE"""),"BC-045") -> BC-045 | B33: =IFERROR(__xludf.DUMMYFUNCTION("""COMPUTED_VALUE"""),"pizzes_blanques") -> pizzes_blanques | C33: =IFERROR(__xludf.DUMMYFUNCTION("""COMPUTED_VALUE"""),"5 FORMATGES") -> 5 FORMATGES | D33: =IFERROR(__xludf.DUMMYFUNCTION("""COMPUTED_VALUE"""),"Mozzarella / cabra / emmental / roquefort / parmesà") -> Mozzarella / cabra / emmental / roquefort / parmesà | E33: =IFERROR(__xludf.DUMMYFUNCTION("""COMPUTED_VALUE"""),16.5) -> 16.5 | F33: =IFERROR(__xludf.DUMMYFUNCTION("""COMPUTED_VALUE"""),"")
A34: =IFERROR(__xludf.DUMMYFUNCTION("""COMPUTED_VALUE"""),"BC-047") -> BC-047 | B34: =IFERROR(__xludf.DUMMYFUNCTION("""COMPUTED_VALUE"""),"pizzes_blanques") -> pizzes_blanques | C34: =IFERROR(__xludf.DUMMYFUNCTION("""COMPUTED_VALUE"""),"CARBONARA") -> CARBONARA | D34: =IFERROR(__xludf.DUMMYFUNCTION("""COMPUTED_VALUE"""),"Mozzarella / nata / guanciale / ceba / ou / parmesà") -> Mozzarella / nata / guanciale / ceba / ou / parmesà | E34: =IFERROR(__xludf.DUMMYFUNCTION("""COMPUTED_VALUE"""),16.0) -> 16 | F34: =IFERROR(__xludf.DUMMYFUNCTION("""COMPUTED_VALUE"""),"")
A35: =IFERROR(__xludf.DUMMYFUNCTION("""COMPUTED_VALUE"""),"BC-048") -> BC-048 | B35: =IFERROR(__xludf.DUMMYFUNCTION("""COMPUTED_VALUE"""),"postres") -> postres | C35: =IFERROR(__xludf.DUMMYFUNCTION("""COMPUTED_VALUE"""),"TIRAMISÚ CLÀSSIC") -> TIRAMISÚ CLÀSSIC | D35: =IFERROR(__xludf.DUMMYFUNCTION("""COMPUTED_VALUE"""),"") | E35: =IFERROR(__xludf.DUMMYFUNCTION("""COMPUTED_VALUE"""),7.0) -> 7 | F35: =IFERROR(__xludf.DUMMYFUNCTION("""COMPUTED_VALUE"""),"")
A36: =IFERROR(__xludf.DUMMYFUNCTION("""COMPUTED_VALUE"""),"BC-049") -> BC-049 | B36: =IFERROR(__xludf.DUMMYFUNCTION("""COMPUTED_VALUE"""),"postres") -> postres | C36: =IFERROR(__xludf.DUMMYFUNCTION("""COMPUTED_VALUE"""),"TIRAMISÚ DE FESTUCS") -> TIRAMISÚ DE FESTUCS | D36: =IFERROR(__xludf.DUMMYFUNCTION("""COMPUTED_VALUE"""),"") | E36: =IFERROR(__xludf.DUMMYFUNCTION("""COMPUTED_VALUE"""),8.0) -> 8 | F36: =IFERROR(__xludf.DUMMYFUNCTION("""COMPUTED_VALUE"""),"")
A37: =IFERROR(__xludf.DUMMYFUNCTION("""COMPUTED_VALUE"""),"BC-051") -> BC-051 | B37: =IFERROR(__xludf.DUMMYFUNCTION("""COMPUTED_VALUE"""),"postres") -> postres | C37: =IFERROR(__xludf.DUMMYFUNCTION("""COMPUTED_VALUE"""),"PANNA COTTA") -> PANNA COTTA | D37: =IFERROR(__xludf.DUMMYFUNCTION("""COMPUTED_VALUE"""),"De romaní amb ginebra i préssec") -> De romaní amb ginebra i préssec | E37: =IFERROR(__xludf.DUMMYFUNCTION("""COMPUTED_VALUE"""),6.5) -> 6.5 | F37: =IFERROR(__xludf.DUMMYFUNCTION("""COMPUTED_VALUE"""),"")
A38: =IFERROR(__xludf.DUMMYFUNCTION("""COMPUTED_VALUE"""),"BC-052") -> BC-052 | B38: =IFERROR(__xludf.DUMMYFUNCTION("""COMPUTED_VALUE"""),"postres") -> postres | C38: =IFERROR(__xludf.DUMMYFUNCTION("""COMPUTED_VALUE"""),"COULANT DE XOCOLATA") -> COULANT DE XOCOLATA | D38: =IFERROR(__xludf.DUMMYFUNCTION("""COMPUTED_VALUE"""),"") | E38: =IFERROR(__xludf.DUMMYFUNCTION("""COMPUTED_VALUE"""),5.0) -> 5 | F38: =IFERROR(__xludf.DUMMYFUNCTION("""COMPUTED_VALUE"""),"")
A39: =IFERROR(__xludf.DUMMYFUNCTION("""COMPUTED_VALUE"""),"BC-054") -> BC-054 | B39: =IFERROR(__xludf.DUMMYFUNCTION("""COMPUTED_VALUE"""),"postres") -> postres | C39: =IFERROR(__xludf.DUMMYFUNCTION("""COMPUTED_VALUE"""),"CALZONE DOLÇA") -> CALZONE DOLÇA | D39: =IFERROR(__xludf.DUMMYFUNCTION("""COMPUTED_VALUE"""),"") | E39: =IFERROR(__xludf.DUMMYFUNCTION("""COMPUTED_VALUE"""),10.0) -> 10 | F39: =IFERROR(__xludf.DUMMYFUNCTION("""COMPUTED_VALUE"""),"")
A40: =IFERROR(__xludf.DUMMYFUNCTION("""COMPUTED_VALUE"""),"BC-067") -> BC-067 | B40: =IFERROR(__xludf.DUMMYFUNCTION("""COMPUTED_VALUE"""),"begudes") -> begudes | C40: =IFERROR(__xludf.DUMMYFUNCTION("""COMPUTED_VALUE"""),"REFRESCOS") -> REFRESCOS | D40: =IFERROR(__xludf.DUMMYFUNCTION("""COMPUTED_VALUE"""),"Coca-Cola / Fanta / Cola Zero / Nestea / Aquarius") -> Coca-Cola / Fanta / Cola Zero / Nestea / Aquarius | E40: =IFERROR(__xludf.DUMMYFUNCTION("""COMPUTED_VALUE"""),3.0) -> 3 | F40: =IFERROR(__xludf.DUMMYFUNCTION("""COMPUTED_VALUE"""),"")
A41: =IFERROR(__xludf.DUMMYFUNCTION("""COMPUTED_VALUE"""),"BC-068") -> BC-068 | B41: =IFERROR(__xludf.DUMMYFUNCTION("""COMPUTED_VALUE"""),"begudes") -> begudes | C41: =IFERROR(__xludf.DUMMYFUNCTION("""COMPUTED_VALUE"""),"TÒNICA") -> TÒNICA | D41: =IFERROR(__xludf.DUMMYFUNCTION("""COMPUTED_VALUE"""),"") | E41: =IFERROR(__xludf.DUMMYFUNCTION("""COMPUTED_VALUE"""),2.5) -> 2.5 | F41: =IFERROR(__xludf.DUMMYFUNCTION("""COMPUTED_VALUE"""),"")
A42: =IFERROR(__xludf.DUMMYFUNCTION("""COMPUTED_VALUE"""),"BC-069") -> BC-069 | B42: =IFERROR(__xludf.DUMMYFUNCTION("""COMPUTED_VALUE"""),"begudes") -> begudes | C42: =IFERROR(__xludf.DUMMYFUNCTION("""COMPUTED_VALUE"""),"BITTER KAS") -> BITTER KAS | D42: =IFERROR(__xludf.DUMMYFUNCTION("""COMPUTED_VALUE"""),"") | E42: =IFERROR(__xludf.DUMMYFUNCTION("""COMPUTED_VALUE"""),2.5) -> 2.5 | F42: =IFERROR(__xludf.DUMMYFUNCTION("""COMPUTED_VALUE"""),"")
A43: =IFERROR(__xludf.DUMMYFUNCTION("""COMPUTED_VALUE"""),"BC-070") -> BC-070 | B43: =IFERROR(__xludf.DUMMYFUNCTION("""COMPUTED_VALUE"""),"begudes") -> begudes | C43: =IFERROR(__xludf.DUMMYFUNCTION("""COMPUTED_VALUE"""),"SOLAN DE CABRAS") -> SOLAN DE CABRAS | D43: =IFERROR(__xludf.DUMMYFUNCTION("""COMPUTED_VALUE"""),"") | E43: =IFERROR(__xludf.DUMMYFUNCTION("""COMPUTED_VALUE"""),2.5) -> 2.5 | F43: =IFERROR(__xludf.DUMMYFUNCTION("""COMPUTED_VALUE"""),"")
A44: =IFERROR(__xludf.DUMMYFUNCTION("""COMPUTED_VALUE"""),"BC-071") -> BC-071 | B44: =IFERROR(__xludf.DUMMYFUNCTION("""COMPUTED_VALUE"""),"begudes") -> begudes | C44: =IFERROR(__xludf.DUMMYFUNCTION("""COMPUTED_VALUE"""),"VICHY CATALAN") -> VICHY CATALAN | D44: =IFERROR(__xludf.DUMMYFUNCTION("""COMPUTED_VALUE"""),"") | E44: =IFERROR(__xludf.DUMMYFUNCTION("""COMPUTED_VALUE"""),2.5) -> 2.5 | F44: =IFERROR(__xludf.DUMMYFUNCTION("""COMPUTED_VALUE"""),"")
A45: =IFERROR(__xludf.DUMMYFUNCTION("""COMPUTED_VALUE"""),"BC-072") -> BC-072 | B45: =IFERROR(__xludf.DUMMYFUNCTION("""COMPUTED_VALUE"""),"begudes") -> begudes | C45: =IFERROR(__xludf.DUMMYFUNCTION("""COMPUTED_VALUE"""),"AIGUA S. PELLEGRINO") -> AIGUA S. PELLEGRINO | D45: =IFERROR(__xludf.DUMMYFUNCTION("""COMPUTED_VALUE"""),"") | E45: =IFERROR(__xludf.DUMMYFUNCTION("""COMPUTED_VALUE"""),4.0) -> 4 | F45: =IFERROR(__xludf.DUMMYFUNCTION("""COMPUTED_VALUE"""),"")
A46: =IFERROR(__xludf.DUMMYFUNCTION("""COMPUTED_VALUE"""),"BC-085") -> BC-085 | B46: =IFERROR(__xludf.DUMMYFUNCTION("""COMPUTED_VALUE"""),"cerveses") -> cerveses | C46: =IFERROR(__xludf.DUMMYFUNCTION("""COMPUTED_VALUE"""),"LAGER ESTRELLA ANDORRA") -> LAGER ESTRELLA ANDORRA | D46: =IFERROR(__xludf.DUMMYFUNCTION("""COMPUTED_VALUE"""),"Cervesa clara i refrescant, de malta suau i final net. Alc. 4,5 %.") -> Cervesa clara i refrescant, de malta suau i final net. Alc. 4,5 %. | E46: =IFERROR(__xludf.DUMMYFUNCTION("""COMPUTED_VALUE"""),3.6) -> 3.6 | F46: =IFERROR(__xludf.DUMMYFUNCTION("""COMPUTED_VALUE"""),"")
A47: =IFERROR(__xludf.DUMMYFUNCTION("""COMPUTED_VALUE"""),"BC-086") -> BC-086 | B47: =IFERROR(__xludf.DUMMYFUNCTION("""COMPUTED_VALUE"""),"cerveses") -> cerveses | C47: =IFERROR(__xludf.DUMMYFUNCTION("""COMPUTED_VALUE"""),"TORRADA ANDBEER") -> TORRADA ANDBEER | D47: =IFERROR(__xludf.DUMMYFUNCTION("""COMPUTED_VALUE"""),"Cos ple, malta torrada amb aromes de pa negre i lleugers tocs de cafè. Alc. 6,3 %.") -> Cos ple, malta torrada amb aromes de pa negre i lleugers tocs de cafè. Alc. 6,3 %. | E47: =IFERROR(__xludf.DUMMYFUNCTION("""COMPUTED_VALUE"""),3.6) -> 3.6 | F47: =IFERROR(__xludf.DUMMYFUNCTION("""COMPUTED_VALUE"""),"")
A48: =IFERROR(__xludf.DUMMYFUNCTION("""COMPUTED_VALUE"""),"BC-087") -> BC-087 | B48: =IFERROR(__xludf.DUMMYFUNCTION("""COMPUTED_VALUE"""),"cerveses") -> cerveses | C48: =IFERROR(__xludf.DUMMYFUNCTION("""COMPUTED_VALUE"""),"AMBER ALE ANDBEER") -> AMBER ALE ANDBEER | D48: =IFERROR(__xludf.DUMMYFUNCTION("""COMPUTED_VALUE"""),"Color coure, amb notes de caramel i malta torrada, equilibrada amb el llúpol. Alc. 6,3 %.") -> Color coure, amb notes de caramel i malta torrada, equilibrada amb el llúpol. Alc. 6,3 %. | E48: =IFERROR(__xludf.DUMMYFUNCTION("""COMPUTED_VALUE"""),3.6) -> 3.6 | F48: =IFERROR(__xludf.DUMMYFUNCTION("""COMPUTED_VALUE"""),"")
A49: =IFERROR(__xludf.DUMMYFUNCTION("""COMPUTED_VALUE"""),"BC-088") -> BC-088 | B49: =IFERROR(__xludf.DUMMYFUNCTION("""COMPUTED_VALUE"""),"cerveses") -> cerveses | C49: =IFERROR(__xludf.DUMMYFUNCTION("""COMPUTED_VALUE"""),"IPA DE MUNTANYA ANDBEER") -> IPA DE MUNTANYA ANDBEER | D49: =IFERROR(__xludf.DUMMYFUNCTION("""COMPUTED_VALUE"""),"IPA aromàtica amb notes de pi i fruita tropical, cos mitjà i final amarg. Alc. 7,1 %.") -> IPA aromàtica amb notes de pi i fruita tropical, cos mitjà i final amarg. Alc. 7,1 %. | E49: =IFERROR(__xludf.DUMMYFUNCTION("""COMPUTED_VALUE"""),4.0) -> 4 | F49: =IFERROR(__xludf.DUMMYFUNCTION("""COMPUTED_VALUE"""),"")
A50: =IFERROR(__xludf.DUMMYFUNCTION("""COMPUTED_VALUE"""),"BC-SUP-001") -> BC-SUP-001 | B50: =IFERROR(__xludf.DUMMYFUNCTION("""COMPUTED_VALUE"""),"suplements") -> suplements | C50: =IFERROR(__xludf.DUMMYFUNCTION("""COMPUTED_VALUE"""),"PERNIL DOLÇ") -> PERNIL DOLÇ | D50: =IFERROR(__xludf.DUMMYFUNCTION("""COMPUTED_VALUE"""),"") | E50: =IFERROR(__xludf.DUMMYFUNCTION("""COMPUTED_VALUE"""),3.0) -> 3 | F50: =IFERROR(__xludf.DUMMYFUNCTION("""COMPUTED_VALUE"""),"")
A51: =IFERROR(__xludf.DUMMYFUNCTION("""COMPUTED_VALUE"""),"BC-SUP-002") -> BC-SUP-002 | B51: =IFERROR(__xludf.DUMMYFUNCTION("""COMPUTED_VALUE"""),"suplements") -> suplements | C51: =IFERROR(__xludf.DUMMYFUNCTION("""COMPUTED_VALUE"""),"MOZZARELLA") -> MOZZARELLA | D51: =IFERROR(__xludf.DUMMYFUNCTION("""COMPUTED_VALUE"""),"") | E51: =IFERROR(__xludf.DUMMYFUNCTION("""COMPUTED_VALUE"""),3.0) -> 3 | F51: =IFERROR(__xludf.DUMMYFUNCTION("""COMPUTED_VALUE"""),"")
A52: =IFERROR(__xludf.DUMMYFUNCTION("""COMPUTED_VALUE"""),"BC-SUP-003") -> BC-SUP-003 | B52: =IFERROR(__xludf.DUMMYFUNCTION("""COMPUTED_VALUE"""),"suplements") -> suplements | C52: =IFERROR(__xludf.DUMMYFUNCTION("""COMPUTED_VALUE"""),"ANXOVES") -> ANXOVES | D52: =IFERROR(__xludf.DUMMYFUNCTION("""COMPUTED_VALUE"""),"6 unitats") -> 6 unitats | E52: =IFERROR(__xludf.DUMMYFUNCTION("""COMPUTED_VALUE"""),4.5) -> 4.5 | F52: =IFERROR(__xludf.DUMMYFUNCTION("""COMPUTED_VALUE"""),"")
A53: =IFERROR(__xludf.DUMMYFUNCTION("""COMPUTED_VALUE"""),"BC-SUP-004") -> BC-SUP-004 | B53: =IFERROR(__xludf.DUMMYFUNCTION("""COMPUTED_VALUE"""),"suplements") -> suplements | C53: =IFERROR(__xludf.DUMMYFUNCTION("""COMPUTED_VALUE"""),"CHAMPIGNON") -> CHAMPIGNON | D53: =IFERROR(__xludf.DUMMYFUNCTION("""COMPUTED_VALUE"""),"") | E53: =IFERROR(__xludf.DUMMYFUNCTION("""COMPUTED_VALUE"""),2.25) -> 2.25 | F53: =IFERROR(__xludf.DUMMYFUNCTION("""COMPUTED_VALUE"""),"")
A54: =IFERROR(__xludf.DUMMYFUNCTION("""COMPUTED_VALUE"""),"BC-SUP-005") -> BC-SUP-005 | B54: =IFERROR(__xludf.DUMMYFUNCTION("""COMPUTED_VALUE"""),"suplements") -> suplements | C54: =IFERROR(__xludf.DUMMYFUNCTION("""COMPUTED_VALUE"""),"CARXOFA") -> CARXOFA | D54: =IFERROR(__xludf.DUMMYFUNCTION("""COMPUTED_VALUE"""),"") | E54: =IFERROR(__xludf.DUMMYFUNCTION("""COMPUTED_VALUE"""),2.25) -> 2.25 | F54: =IFERROR(__xludf.DUMMYFUNCTION("""COMPUTED_VALUE"""),"")
A55: =IFERROR(__xludf.DUMMYFUNCTION("""COMPUTED_VALUE"""),"BC-SUP-006") -> BC-SUP-006 | B55: =IFERROR(__xludf.DUMMYFUNCTION("""COMPUTED_VALUE"""),"suplements") -> suplements | C55: =IFERROR(__xludf.DUMMYFUNCTION("""COMPUTED_VALUE"""),"TONYINA") -> TONYINA | D55: =IFERROR(__xludf.DUMMYFUNCTION("""COMPUTED_VALUE"""),"") | E55: =IFERROR(__xludf.DUMMYFUNCTION("""COMPUTED_VALUE"""),3.5) -> 3.5 | F55: =IFERROR(__xludf.DUMMYFUNCTION("""COMPUTED_VALUE"""),"")
A56: =IFERROR(__xludf.DUMMYFUNCTION("""COMPUTED_VALUE"""),"BC-SUP-007") -> BC-SUP-007 | B56: =IFERROR(__xludf.DUMMYFUNCTION("""COMPUTED_VALUE"""),"suplements") -> suplements | C56: =IFERROR(__xludf.DUMMYFUNCTION("""COMPUTED_VALUE"""),"CEBA") -> CEBA | D56: =IFERROR(__xludf.DUMMYFUNCTION("""COMPUTED_VALUE"""),"") | E56: =IFERROR(__xludf.DUMMYFUNCTION("""COMPUTED_VALUE"""),1.5) -> 1.5 | F56: =IFERROR(__xludf.DUMMYFUNCTION("""COMPUTED_VALUE"""),"")
A57: =IFERROR(__xludf.DUMMYFUNCTION("""COMPUTED_VALUE"""),"BC-SUP-008") -> BC-SUP-008 | B57: =IFERROR(__xludf.DUMMYFUNCTION("""COMPUTED_VALUE"""),"suplements") -> suplements | C57: =IFERROR(__xludf.DUMMYFUNCTION("""COMPUTED_VALUE"""),"OU") -> OU | D57: =IFERROR(__xludf.DUMMYFUNCTION("""COMPUTED_VALUE"""),"") | E57: =IFERROR(__xludf.DUMMYFUNCTION("""COMPUTED_VALUE"""),1.5) -> 1.5 | F57: =IFERROR(__xludf.DUMMYFUNCTION("""COMPUTED_VALUE"""),"")
A58: =IFERROR(__xludf.DUMMYFUNCTION("""COMPUTED_VALUE"""),"BC-SUP-009") -> BC-SUP-009 | B58: =IFERROR(__xludf.DUMMYFUNCTION("""COMPUTED_VALUE"""),"suplements") -> suplements | C58: =IFERROR(__xludf.DUMMYFUNCTION("""COMPUTED_VALUE"""),"BURRATA") -> BURRATA | D58: =IFERROR(__xludf.DUMMYFUNCTION("""COMPUTED_VALUE"""),"") | E58: =IFERROR(__xludf.DUMMYFUNCTION("""COMPUTED_VALUE"""),5.75) -> 5.75 | F58: =IFERROR(__xludf.DUMMYFUNCTION("""COMPUTED_VALUE"""),"")
A59: =IFERROR(__xludf.DUMMYFUNCTION("""COMPUTED_VALUE"""),"BC-SUP-010") -> BC-SUP-010 | B59: =IFERROR(__xludf.DUMMYFUNCTION("""COMPUTED_VALUE"""),"suplements") -> suplements | C59: =IFERROR(__xludf.DUMMYFUNCTION("""COMPUTED_VALUE"""),"PERNIL IBÈRIC") -> PERNIL IBÈRIC | D59: =IFERROR(__xludf.DUMMYFUNCTION("""COMPUTED_VALUE"""),"") | E59: =IFERROR(__xludf.DUMMYFUNCTION("""COMPUTED_VALUE"""),5.75) -> 5.75 | F59: =IFERROR(__xludf.DUMMYFUNCTION("""COMPUTED_VALUE"""),"")
A60: =IFERROR(__xludf.DUMMYFUNCTION("""COMPUTED_VALUE"""),"BC-SUP-011") -> BC-SUP-011 | B60: =IFERROR(__xludf.DUMMYFUNCTION("""COMPUTED_VALUE"""),"suplements") -> suplements | C60: =IFERROR(__xludf.DUMMYFUNCTION("""COMPUTED_VALUE"""),"VERDURES EXTRA") -> VERDURES EXTRA | D60: =IFERROR(__xludf.DUMMYFUNCTION("""COMPUTED_VALUE"""),"") | E60: =IFERROR(__xludf.DUMMYFUNCTION("""COMPUTED_VALUE"""),2.25) -> 2.25 | F60: =IFERROR(__xludf.DUMMYFUNCTION("""COMPUTED_VALUE"""),"")
A61: =IFERROR(__xludf.DUMMYFUNCTION("""COMPUTED_VALUE"""),"BC-SUP-012") -> BC-SUP-012 | B61: =IFERROR(__xludf.DUMMYFUNCTION("""COMPUTED_VALUE"""),"suplements") -> suplements | C61: =IFERROR(__xludf.DUMMYFUNCTION("""COMPUTED_VALUE"""),"TOMÀQUET") -> TOMÀQUET | D61: =IFERROR(__xludf.DUMMYFUNCTION("""COMPUTED_VALUE"""),"") | E61: =IFERROR(__xludf.DUMMYFUNCTION("""COMPUTED_VALUE"""),2.25) -> 2.25 | F61: =IFERROR(__xludf.DUMMYFUNCTION("""COMPUTED_VALUE"""),"")
A62: =IFERROR(__xludf.DUMMYFUNCTION("""COMPUTED_VALUE"""),"BC-SUP-013") -> BC-SUP-013 | B62: =IFERROR(__xludf.DUMMYFUNCTION("""COMPUTED_VALUE"""),"suplements") -> suplements | C62: =IFERROR(__xludf.DUMMYFUNCTION("""COMPUTED_VALUE"""),"SALSES") -> SALSES | D62: =IFERROR(__xludf.DUMMYFUNCTION("""COMPUTED_VALUE"""),"") | E62: =IFERROR(__xludf.DUMMYFUNCTION("""COMPUTED_VALUE"""),2.0) -> 2 | F62: =IFERROR(__xludf.DUMMYFUNCTION("""COMPUTED_VALUE"""),"")
A63: =IFERROR(__xludf.DUMMYFUNCTION("""COMPUTED_VALUE"""),"BC-SUP-014") -> BC-SUP-014 | B63: =IFERROR(__xludf.DUMMYFUNCTION("""COMPUTED_VALUE"""),"suplements") -> suplements | C63: =IFERROR(__xludf.DUMMYFUNCTION("""COMPUTED_VALUE"""),"GUANCIALE") -> GUANCIALE | D63: =IFERROR(__xludf.DUMMYFUNCTION("""COMPUTED_VALUE"""),"") | E63: =IFERROR(__xludf.DUMMYFUNCTION("""COMPUTED_VALUE"""),3.75) -> 3.75 | F63: =IFERROR(__xludf.DUMMYFUNCTION("""COMPUTED_VALUE"""),"")
A64: =IFERROR(__xludf.DUMMYFUNCTION("""COMPUTED_VALUE"""),"BC-SUP-015") -> BC-SUP-015 | B64: =IFERROR(__xludf.DUMMYFUNCTION("""COMPUTED_VALUE"""),"suplements") -> suplements | C64: =IFERROR(__xludf.DUMMYFUNCTION("""COMPUTED_VALUE"""),"PARMESÀ") -> PARMESÀ | D64: =IFERROR(__xludf.DUMMYFUNCTION("""COMPUTED_VALUE"""),"") | E64: =IFERROR(__xludf.DUMMYFUNCTION("""COMPUTED_VALUE"""),3.5) -> 3.5 | F64: =IFERROR(__xludf.DUMMYFUNCTION("""COMPUTED_VALUE"""),"")
A65: =IFERROR(__xludf.DUMMYFUNCTION("""COMPUTED_VALUE"""),"BC-SUP-016") -> BC-SUP-016 | B65: =IFERROR(__xludf.DUMMYFUNCTION("""COMPUTED_VALUE"""),"suplements") -> suplements | C65: =IFERROR(__xludf.DUMMYFUNCTION("""COMPUTED_VALUE"""),"GAMBES") -> GAMBES | D65: =IFERROR(__xludf.DUMMYFUNCTION("""COMPUTED_VALUE"""),"") | E65: =IFERROR(__xludf.DUMMYFUNCTION("""COMPUTED_VALUE"""),5.25) -> 5.25 | F65: =IFERROR(__xludf.DUMMYFUNCTION("""COMPUTED_VALUE"""),"")
A66: =IFERROR(__xludf.DUMMYFUNCTION("""COMPUTED_VALUE"""),"BC-SUP-017") -> BC-SUP-017 | B66: =IFERROR(__xludf.DUMMYFUNCTION("""COMPUTED_VALUE"""),"suplements") -> suplements | C66: =IFERROR(__xludf.DUMMYFUNCTION("""COMPUTED_VALUE"""),"OLIVES") -> OLIVES | D66: =IFERROR(__xludf.DUMMYFUNCTION("""COMPUTED_VALUE"""),"") | E66: =IFERROR(__xludf.DUMMYFUNCTION("""COMPUTED_VALUE"""),1.5) -> 1.5 | F66: =IFERROR(__xludf.DUMMYFUNCTION("""COMPUTED_VALUE"""),"")

Sheet RESTAURANTE
A1: ID | B1: Categoría | C1: Producto | D1: Ingredientes / detalle | E1: Precio (€) | F1: Imagen URL
A2: =IFERROR(__xludf.DUMMYFUNCTION("IFERROR(FILTER(HSTACK(MAESTRA!A2:A200,MAESTRA!C2:C200,IF(CONTROL!$B$4=""CAT"",MAESTRA!D2:D200,IF(CONTROL!$B$4=""ES"",MAESTRA!F2:F200,IF(CONTROL!$B$4=""FR"",MAESTRA!H2:H200,MAESTRA!J2:J200))),IF(CONTROL!$B$4=""CAT"",MAESTRA!E2:E200,IF(CONTROL!$B$4=""ES"",M"&"AESTRA!G2:G200,IF(CONTROL!$B$4=""FR"",MAESTRA!I2:I200,MAESTRA!K2:K200))),MAESTRA!L2:L200,MAESTRA!R2:R200),MAESTRA!A2:A200<>"""",MAESTRA!O2:O200=TRUE),"""")"),"BC-001") -> BC-001 | B2: =IFERROR(__xludf.DUMMYFUNCTION("""COMPUTED_VALUE"""),"entrants") -> entrants | C2: =IFERROR(__xludf.DUMMYFUNCTION("""COMPUTED_VALUE"""),"PA DE PIZZA") -> PA DE PIZZA | D2: =IFERROR(__xludf.DUMMYFUNCTION("""COMPUTED_VALUE"""),"Massa normal / integral") -> Massa normal / integral | E2: =IFERROR(__xludf.DUMMYFUNCTION("""COMPUTED_VALUE"""),5.0) -> 5 | F2: =IFERROR(__xludf.DUMMYFUNCTION("""COMPUTED_VALUE"""),"")
A3: =IFERROR(__xludf.DUMMYFUNCTION("""COMPUTED_VALUE"""),"BC-002") -> BC-002 | B3: =IFERROR(__xludf.DUMMYFUNCTION("""COMPUTED_VALUE"""),"entrants") -> entrants | C3: =IFERROR(__xludf.DUMMYFUNCTION("""COMPUTED_VALUE"""),"FOCACCIA") -> FOCACCIA | D3: =IFERROR(__xludf.DUMMYFUNCTION("""COMPUTED_VALUE"""),"") | E3: =IFERROR(__xludf.DUMMYFUNCTION("""COMPUTED_VALUE"""),5.0) -> 5 | F3: =IFERROR(__xludf.DUMMYFUNCTION("""COMPUTED_VALUE"""),"")
A4: =IFERROR(__xludf.DUMMYFUNCTION("""COMPUTED_VALUE"""),"BC-003") -> BC-003 | B4: =IFERROR(__xludf.DUMMYFUNCTION("""COMPUTED_VALUE"""),"entrants") -> entrants | C4: =IFERROR(__xludf.DUMMYFUNCTION("""COMPUTED_VALUE"""),"PROVOLONE") -> PROVOLONE | D4: =IFERROR(__xludf.DUMMYFUNCTION("""COMPUTED_VALUE"""),"") | E4: =IFERROR(__xludf.DUMMYFUNCTION("""COMPUTED_VALUE"""),10.0) -> 10 | F4: =IFERROR(__xludf.DUMMYFUNCTION("""COMPUTED_VALUE"""),"")
A5: =IFERROR(__xludf.DUMMYFUNCTION("""COMPUTED_VALUE"""),"BC-004") -> BC-004 | B5: =IFERROR(__xludf.DUMMYFUNCTION("""COMPUTED_VALUE"""),"entrants") -> entrants | C5: =IFERROR(__xludf.DUMMYFUNCTION("""COMPUTED_VALUE"""),"POLPETTINES D’ALBERGÍNIA") -> POLPETTINES D’ALBERGÍNIA | D5: =IFERROR(__xludf.DUMMYFUNCTION("""COMPUTED_VALUE"""),"6 unitats (cada unitat addicional +1,75 €)") -> 6 unitats (cada unitat addicional +1,75 €) | E5: =IFERROR(__xludf.DUMMYFUNCTION("""COMPUTED_VALUE"""),9.0) -> 9 | F5: =IFERROR(__xludf.DUMMYFUNCTION("""COMPUTED_VALUE"""),"")
A6: =IFERROR(__xludf.DUMMYFUNCTION("""COMPUTED_VALUE"""),"BC-005") -> BC-005 | B6: =IFERROR(__xludf.DUMMYFUNCTION("""COMPUTED_VALUE"""),"entrants") -> entrants | C6: =IFERROR(__xludf.DUMMYFUNCTION("""COMPUTED_VALUE"""),"VITELLO TONNATO") -> VITELLO TONNATO | D6: =IFERROR(__xludf.DUMMYFUNCTION("""COMPUTED_VALUE"""),"Utilitzem carn de vedell / amb salsa de tonyina") -> Utilitzem carn de vedell / amb salsa de tonyina | E6: =IFERROR(__xludf.DUMMYFUNCTION("""COMPUTED_VALUE"""),16.5) -> 16.5 | F6: =IFERROR(__xludf.DUMMYFUNCTION("""COMPUTED_VALUE"""),"")
A7: =IFERROR(__xludf.DUMMYFUNCTION("""COMPUTED_VALUE"""),"BC-006") -> BC-006 | B7: =IFERROR(__xludf.DUMMYFUNCTION("""COMPUTED_VALUE"""),"entrants") -> entrants | C7: =IFERROR(__xludf.DUMMYFUNCTION("""COMPUTED_VALUE"""),"BURRATA") -> BURRATA | D7: =IFERROR(__xludf.DUMMYFUNCTION("""COMPUTED_VALUE"""),"Amb salsa pesto o tòfona / tomàquet sec casolà / ruca / pa") -> Amb salsa pesto o tòfona / tomàquet sec casolà / ruca / pa | E7: =IFERROR(__xludf.DUMMYFUNCTION("""COMPUTED_VALUE"""),15.5) -> 15.5 | F7: =IFERROR(__xludf.DUMMYFUNCTION("""COMPUTED_VALUE"""),"")
A8: =IFERROR(__xludf.DUMMYFUNCTION("""COMPUTED_VALUE"""),"BC-007") -> BC-007 | B8: =IFERROR(__xludf.DUMMYFUNCTION("""COMPUTED_VALUE"""),"entrants") -> entrants | C8: =IFERROR(__xludf.DUMMYFUNCTION("""COMPUTED_VALUE"""),"CARPACCIO DE CARBASSÓ") -> CARPACCIO DE CARBASSÓ | D8: =IFERROR(__xludf.DUMMYFUNCTION("""COMPUTED_VALUE"""),"Amb tomàquets secs, stracciatella i pinyons") -> Amb tomàquets secs, stracciatella i pinyons | E8: =IFERROR(__xludf.DUMMYFUNCTION("""COMPUTED_VALUE"""),15.5) -> 15.5 | F8: =IFERROR(__xludf.DUMMYFUNCTION("""COMPUTED_VALUE"""),"")
A9: =IFERROR(__xludf.DUMMYFUNCTION("""COMPUTED_VALUE"""),"BC-008") -> BC-008 | B9: =IFERROR(__xludf.DUMMYFUNCTION("""COMPUTED_VALUE"""),"amanides") -> amanides | C9: =IFERROR(__xludf.DUMMYFUNCTION("""COMPUTED_VALUE"""),"BELLA CIAO") -> BELLA CIAO | D9: =IFERROR(__xludf.DUMMYFUNCTION("""COMPUTED_VALUE"""),"Albergínia / tomàquet / filadèlfia / julivert / menta / salsa de xili dolça / sèsamo") -> Albergínia / tomàquet / filadèlfia / julivert / menta / salsa de xili dolça / sèsamo | E9: =IFERROR(__xludf.DUMMYFUNCTION("""COMPUTED_VALUE"""),16.0) -> 16 | F9: =IFERROR(__xludf.DUMMYFUNCTION("""COMPUTED_VALUE"""),"")
A10: =IFERROR(__xludf.DUMMYFUNCTION("""COMPUTED_VALUE"""),"BC-009") -> BC-009 | B10: =IFERROR(__xludf.DUMMYFUNCTION("""COMPUTED_VALUE"""),"amanides") -> amanides | C10: =IFERROR(__xludf.DUMMYFUNCTION("""COMPUTED_VALUE"""),"BUFALATA") -> BUFALATA | D10: =IFERROR(__xludf.DUMMYFUNCTION("""COMPUTED_VALUE"""),"Mesclum / burrata / bresaola / nous / olives") -> Mesclum / burrata / bresaola / nous / olives | E10: =IFERROR(__xludf.DUMMYFUNCTION("""COMPUTED_VALUE"""),16.0) -> 16 | F10: =IFERROR(__xludf.DUMMYFUNCTION("""COMPUTED_VALUE"""),"")
A11: =IFERROR(__xludf.DUMMYFUNCTION("""COMPUTED_VALUE"""),"BC-010") -> BC-010 | B11: =IFERROR(__xludf.DUMMYFUNCTION("""COMPUTED_VALUE"""),"amanides") -> amanides | C11: =IFERROR(__xludf.DUMMYFUNCTION("""COMPUTED_VALUE"""),"CÈSAR") -> CÈSAR | D11: =IFERROR(__xludf.DUMMYFUNCTION("""COMPUTED_VALUE"""),"Enciam / pollastre / crostons / cherry / parmesà / salsa cèsar") -> Enciam / pollastre / crostons / cherry / parmesà / salsa cèsar | E11: =IFERROR(__xludf.DUMMYFUNCTION("""COMPUTED_VALUE"""),16.0) -> 16 | F11: =IFERROR(__xludf.DUMMYFUNCTION("""COMPUTED_VALUE"""),"")
A12: =IFERROR(__xludf.DUMMYFUNCTION("""COMPUTED_VALUE"""),"BC-011") -> BC-011 | B12: =IFERROR(__xludf.DUMMYFUNCTION("""COMPUTED_VALUE"""),"amanides") -> amanides | C12: =IFERROR(__xludf.DUMMYFUNCTION("""COMPUTED_VALUE"""),"CABRA") -> CABRA | D12: =IFERROR(__xludf.DUMMYFUNCTION("""COMPUTED_VALUE"""),"Mesclum / cherry / escalivada / albergínia, pebre, ceba / nous / cabra / balsàmic") -> Mesclum / cherry / escalivada / albergínia, pebre, ceba / nous / cabra / balsàmic | E12: =IFERROR(__xludf.DUMMYFUNCTION("""COMPUTED_VALUE"""),16.0) -> 16 | F12: =IFERROR(__xludf.DUMMYFUNCTION("""COMPUTED_VALUE"""),"")
A13: =IFERROR(__xludf.DUMMYFUNCTION("""COMPUTED_VALUE"""),"BC-012") -> BC-012 | B13: =IFERROR(__xludf.DUMMYFUNCTION("""COMPUTED_VALUE"""),"amanides") -> amanides | C13: =IFERROR(__xludf.DUMMYFUNCTION("""COMPUTED_VALUE"""),"LUNA CAPRESE") -> LUNA CAPRESE | D13: =IFERROR(__xludf.DUMMYFUNCTION("""COMPUTED_VALUE"""),"Tomàquet / mozzarella / salsa pesto / ruca / salsa mòdena") -> Tomàquet / mozzarella / salsa pesto / ruca / salsa mòdena | E13: =IFERROR(__xludf.DUMMYFUNCTION("""COMPUTED_VALUE"""),15.5) -> 15.5 | F13: =IFERROR(__xludf.DUMMYFUNCTION("""COMPUTED_VALUE"""),"")
A14: =IFERROR(__xludf.DUMMYFUNCTION("""COMPUTED_VALUE"""),"BC-013") -> BC-013 | B14: =IFERROR(__xludf.DUMMYFUNCTION("""COMPUTED_VALUE"""),"sopes") -> sopes | C14: =IFERROR(__xludf.DUMMYFUNCTION("""COMPUTED_VALUE"""),"SOPA DE LLENTIES") -> SOPA DE LLENTIES | D14: =IFERROR(__xludf.DUMMYFUNCTION("""COMPUTED_VALUE"""),"") | E14: =IFERROR(__xludf.DUMMYFUNCTION("""COMPUTED_VALUE"""),6.0) -> 6 | F14: =IFERROR(__xludf.DUMMYFUNCTION("""COMPUTED_VALUE"""),"")
A15: =IFERROR(__xludf.DUMMYFUNCTION("""COMPUTED_VALUE"""),"BC-014") -> BC-014 | B15: =IFERROR(__xludf.DUMMYFUNCTION("""COMPUTED_VALUE"""),"sopes") -> sopes | C15: =IFERROR(__xludf.DUMMYFUNCTION("""COMPUTED_VALUE"""),"SOPA DE BROCOLI") -> SOPA DE BROCOLI | D15: =IFERROR(__xludf.DUMMYFUNCTION("""COMPUTED_VALUE"""),"") | E15: =IFERROR(__xludf.DUMMYFUNCTION("""COMPUTED_VALUE"""),6.0) -> 6 | F15: =IFERROR(__xludf.DUMMYFUNCTION("""COMPUTED_VALUE"""),"")
A16: =IFERROR(__xludf.DUMMYFUNCTION("""COMPUTED_VALUE"""),"BC-015") -> BC-015 | B16: =IFERROR(__xludf.DUMMYFUNCTION("""COMPUTED_VALUE"""),"carn") -> carn | C16: =IFERROR(__xludf.DUMMYFUNCTION("""COMPUTED_VALUE"""),"CARPACCIO DE BOU") -> CARPACCIO DE BOU | D16: =IFERROR(__xludf.DUMMYFUNCTION("""COMPUTED_VALUE"""),"") | E16: =IFERROR(__xludf.DUMMYFUNCTION("""COMPUTED_VALUE"""),15.0) -> 15 | F16: =IFERROR(__xludf.DUMMYFUNCTION("""COMPUTED_VALUE"""),"")
A17: =IFERROR(__xludf.DUMMYFUNCTION("""COMPUTED_VALUE"""),"BC-016") -> BC-016 | B17: =IFERROR(__xludf.DUMMYFUNCTION("""COMPUTED_VALUE"""),"carn") -> carn | C17: =IFERROR(__xludf.DUMMYFUNCTION("""COMPUTED_VALUE"""),"ENTRECOT DE BOU") -> ENTRECOT DE BOU | D17: =IFERROR(__xludf.DUMMYFUNCTION("""COMPUTED_VALUE"""),"") | E17: =IFERROR(__xludf.DUMMYFUNCTION("""COMPUTED_VALUE"""),8.5) -> 8.5 | F17: =IFERROR(__xludf.DUMMYFUNCTION("""COMPUTED_VALUE"""),"")
A18: =IFERROR(__xludf.DUMMYFUNCTION("""COMPUTED_VALUE"""),"BC-017") -> BC-017 | B18: =IFERROR(__xludf.DUMMYFUNCTION("""COMPUTED_VALUE"""),"carn") -> carn | C18: =IFERROR(__xludf.DUMMYFUNCTION("""COMPUTED_VALUE"""),"EMBOTITS ITALIANS") -> EMBOTITS ITALIANS | D18: =IFERROR(__xludf.DUMMYFUNCTION("""COMPUTED_VALUE"""),"Bresaola / salami / mortadel·la de tòfona / mortadel·la de pistatxos / la piatta piccante") -> Bresaola / salami / mortadel·la de tòfona / mortadel·la de pistatxos / la piatta piccante | E18: =IFERROR(__xludf.DUMMYFUNCTION("""COMPUTED_VALUE"""),22.5) -> 22.5 | F18: =IFERROR(__xludf.DUMMYFUNCTION("""COMPUTED_VALUE"""),"")
A19: =IFERROR(__xludf.DUMMYFUNCTION("""COMPUTED_VALUE"""),"BC-018") -> BC-018 | B19: =IFERROR(__xludf.DUMMYFUNCTION("""COMPUTED_VALUE"""),"pasta") -> pasta | C19: =IFERROR(__xludf.DUMMYFUNCTION("""COMPUTED_VALUE"""),"BIGOLI ALLA NAPOLITANA") -> BIGOLI ALLA NAPOLITANA | D19: =IFERROR(__xludf.DUMMYFUNCTION("""COMPUTED_VALUE"""),"Pasta amb tomàquets") -> Pasta amb tomàquets | E19: =IFERROR(__xludf.DUMMYFUNCTION("""COMPUTED_VALUE"""),9.5) -> 9.5 | F19: =IFERROR(__xludf.DUMMYFUNCTION("""COMPUTED_VALUE"""),"")
A20: =IFERROR(__xludf.DUMMYFUNCTION("""COMPUTED_VALUE"""),"BC-019") -> BC-019 | B20: =IFERROR(__xludf.DUMMYFUNCTION("""COMPUTED_VALUE"""),"pasta") -> pasta | C20: =IFERROR(__xludf.DUMMYFUNCTION("""COMPUTED_VALUE"""),"TAGLIATELLE TARTUFATA") -> TAGLIATELLE TARTUFATA | D20: =IFERROR(__xludf.DUMMYFUNCTION("""COMPUTED_VALUE"""),"Amb crema de tòfona") -> Amb crema de tòfona | E20: =IFERROR(__xludf.DUMMYFUNCTION("""COMPUTED_VALUE"""),14.0) -> 14 | F20: =IFERROR(__xludf.DUMMYFUNCTION("""COMPUTED_VALUE"""),"")
A21: =IFERROR(__xludf.DUMMYFUNCTION("""COMPUTED_VALUE"""),"BC-020") -> BC-020 | B21: =IFERROR(__xludf.DUMMYFUNCTION("""COMPUTED_VALUE"""),"pasta") -> pasta | C21: =IFERROR(__xludf.DUMMYFUNCTION("""COMPUTED_VALUE"""),"GARGANELLI ALL’ARRABBIATA") -> GARGANELLI ALL’ARRABBIATA | D21: =IFERROR(__xludf.DUMMYFUNCTION("""COMPUTED_VALUE"""),"Salsa picant tradicional casolana") -> Salsa picant tradicional casolana | E21: =IFERROR(__xludf.DUMMYFUNCTION("""COMPUTED_VALUE"""),14.0) -> 14 | F21: =IFERROR(__xludf.DUMMYFUNCTION("""COMPUTED_VALUE"""),"")
A22: =IFERROR(__xludf.DUMMYFUNCTION("""COMPUTED_VALUE"""),"BC-021") -> BC-021 | B22: =IFERROR(__xludf.DUMMYFUNCTION("""COMPUTED_VALUE"""),"pasta") -> pasta | C22: =IFERROR(__xludf.DUMMYFUNCTION("""COMPUTED_VALUE"""),"SPAGHETTI RAGÚ ALLA BOLOGNESE") -> SPAGHETTI RAGÚ ALLA BOLOGNESE | D22: =IFERROR(__xludf.DUMMYFUNCTION("""COMPUTED_VALUE"""),"Salsa casolana de carn d'Andorra") -> Salsa casolana de carn d'Andorra | E22: =IFERROR(__xludf.DUMMYFUNCTION("""COMPUTED_VALUE"""),15.5) -> 15.5 | F22: =IFERROR(__xludf.DUMMYFUNCTION("""COMPUTED_VALUE"""),"")
A23: =IFERROR(__xludf.DUMMYFUNCTION("""COMPUTED_VALUE"""),"BC-022") -> BC-022 | B23: =IFERROR(__xludf.DUMMYFUNCTION("""COMPUTED_VALUE"""),"pasta") -> pasta | C23: =IFERROR(__xludf.DUMMYFUNCTION("""COMPUTED_VALUE"""),"TAGLIATELLE 4 FORMATGES") -> TAGLIATELLE 4 FORMATGES | D23: =IFERROR(__xludf.DUMMYFUNCTION("""COMPUTED_VALUE"""),"Mozzarella / cabra / emmental / gorgonzola") -> Mozzarella / cabra / emmental / gorgonzola | E23: =IFERROR(__xludf.DUMMYFUNCTION("""COMPUTED_VALUE"""),15.5) -> 15.5 | F23: =IFERROR(__xludf.DUMMYFUNCTION("""COMPUTED_VALUE"""),"")
A24: =IFERROR(__xludf.DUMMYFUNCTION("""COMPUTED_VALUE"""),"BC-023") -> BC-023 | B24: =IFERROR(__xludf.DUMMYFUNCTION("""COMPUTED_VALUE"""),"pasta") -> pasta | C24: =IFERROR(__xludf.DUMMYFUNCTION("""COMPUTED_VALUE"""),"LINGUINE D’ALL I ALFÀBREGA AMB PESTO") -> LINGUINE D’ALL I ALFÀBREGA AMB PESTO | D24: =IFERROR(__xludf.DUMMYFUNCTION("""COMPUTED_VALUE"""),"Salsa casolana d’alfàbrega de quilòmetre 0") -> Salsa casolana d’alfàbrega de quilòmetre 0 | E24: =IFERROR(__xludf.DUMMYFUNCTION("""COMPUTED_VALUE"""),15.5) -> 15.5 | F24: =IFERROR(__xludf.DUMMYFUNCTION("""COMPUTED_VALUE"""),"")
A25: =IFERROR(__xludf.DUMMYFUNCTION("""COMPUTED_VALUE"""),"BC-024") -> BC-024 | B25: =IFERROR(__xludf.DUMMYFUNCTION("""COMPUTED_VALUE"""),"pasta") -> pasta | C25: =IFERROR(__xludf.DUMMYFUNCTION("""COMPUTED_VALUE"""),"BIGOLI ALLA CARBONARA") -> BIGOLI ALLA CARBONARA | D25: =IFERROR(__xludf.DUMMYFUNCTION("""COMPUTED_VALUE"""),"Recepta tradicional amb ous i guanciale") -> Recepta tradicional amb ous i guanciale | E25: =IFERROR(__xludf.DUMMYFUNCTION("""COMPUTED_VALUE"""),17.0) -> 17 | F25: =IFERROR(__xludf.DUMMYFUNCTION("""COMPUTED_VALUE"""),"")
A26: =IFERROR(__xludf.DUMMYFUNCTION("""COMPUTED_VALUE"""),"BC-025") -> BC-025 | B26: =IFERROR(__xludf.DUMMYFUNCTION("""COMPUTED_VALUE"""),"pasta") -> pasta | C26: =IFERROR(__xludf.DUMMYFUNCTION("""COMPUTED_VALUE"""),"SPAGHETTI NERI FRUTTI DI MARE") -> SPAGHETTI NERI FRUTTI DI MARE | D26: =IFERROR(__xludf.DUMMYFUNCTION("""COMPUTED_VALUE"""),"Salsa de tomàquets cherry / gambes / cloïsses / musclos") -> Salsa de tomàquets cherry / gambes / cloïsses / musclos | E26: =IFERROR(__xludf.DUMMYFUNCTION("""COMPUTED_VALUE"""),22.0) -> 22 | F26: =IFERROR(__xludf.DUMMYFUNCTION("""COMPUTED_VALUE"""),"")
A27: =IFERROR(__xludf.DUMMYFUNCTION("""COMPUTED_VALUE"""),"BC-026") -> BC-026 | B27: =IFERROR(__xludf.DUMMYFUNCTION("""COMPUTED_VALUE"""),"pasta_farcida") -> pasta_farcida | C27: =IFERROR(__xludf.DUMMYFUNCTION("""COMPUTED_VALUE"""),"RAVIOLIS DE BOLETS") -> RAVIOLIS DE BOLETS | D27: =IFERROR(__xludf.DUMMYFUNCTION("""COMPUTED_VALUE"""),"Servit amb salsa casolana de pesto") -> Servit amb salsa casolana de pesto | E27: =IFERROR(__xludf.DUMMYFUNCTION("""COMPUTED_VALUE"""),17.5) -> 17.5 | F27: =IFERROR(__xludf.DUMMYFUNCTION("""COMPUTED_VALUE"""),"")
A28: =IFERROR(__xludf.DUMMYFUNCTION("""COMPUTED_VALUE"""),"BC-027") -> BC-027 | B28: =IFERROR(__xludf.DUMMYFUNCTION("""COMPUTED_VALUE"""),"pasta_farcida") -> pasta_farcida | C28: =IFERROR(__xludf.DUMMYFUNCTION("""COMPUTED_VALUE"""),"FIOCCHI AMB PERA I RICOTTA") -> FIOCCHI AMB PERA I RICOTTA | D28: =IFERROR(__xludf.DUMMYFUNCTION("""COMPUTED_VALUE"""),"Servit amb crema de carbassa casolana") -> Servit amb crema de carbassa casolana | E28: =IFERROR(__xludf.DUMMYFUNCTION("""COMPUTED_VALUE"""),17.0) -> 17 | F28: =IFERROR(__xludf.DUMMYFUNCTION("""COMPUTED_VALUE"""),"")
A29: =IFERROR(__xludf.DUMMYFUNCTION("""COMPUTED_VALUE"""),"BC-028") -> BC-028 | B29: =IFERROR(__xludf.DUMMYFUNCTION("""COMPUTED_VALUE"""),"pasta_farcida") -> pasta_farcida | C29: =IFERROR(__xludf.DUMMYFUNCTION("""COMPUTED_VALUE"""),"CANELONS DE CARN") -> CANELONS DE CARN | D29: =IFERROR(__xludf.DUMMYFUNCTION("""COMPUTED_VALUE"""),"Canelons fets per nosaltres servits amb salsa boloñesa casolana") -> Canelons fets per nosaltres servits amb salsa boloñesa casolana | E29: =IFERROR(__xludf.DUMMYFUNCTION("""COMPUTED_VALUE"""),13.5) -> 13.5 | F29: =IFERROR(__xludf.DUMMYFUNCTION("""COMPUTED_VALUE"""),"")
A30: =IFERROR(__xludf.DUMMYFUNCTION("""COMPUTED_VALUE"""),"BC-029") -> BC-029 | B30: =IFERROR(__xludf.DUMMYFUNCTION("""COMPUTED_VALUE"""),"pasta_farcida") -> pasta_farcida | C30: =IFERROR(__xludf.DUMMYFUNCTION("""COMPUTED_VALUE"""),"NYOQUIS") -> NYOQUIS | D30: =IFERROR(__xludf.DUMMYFUNCTION("""COMPUTED_VALUE"""),"Crema de tomàquet fresc i stracciatella") -> Crema de tomàquet fresc i stracciatella | E30: =IFERROR(__xludf.DUMMYFUNCTION("""COMPUTED_VALUE"""),16.0) -> 16 | F30: =IFERROR(__xludf.DUMMYFUNCTION("""COMPUTED_VALUE"""),"")
A31: =IFERROR(__xludf.DUMMYFUNCTION("""COMPUTED_VALUE"""),"BC-030") -> BC-030 | B31: =IFERROR(__xludf.DUMMYFUNCTION("""COMPUTED_VALUE"""),"pasta_farcida") -> pasta_farcida | C31: =IFERROR(__xludf.DUMMYFUNCTION("""COMPUTED_VALUE"""),"LASANYA BOLONYESA") -> LASANYA BOLONYESA | D31: =IFERROR(__xludf.DUMMYFUNCTION("""COMPUTED_VALUE"""),"Feta per nosaltres / salsa bolonyesa casolana") -> Feta per nosaltres / salsa bolonyesa casolana | E31: =IFERROR(__xludf.DUMMYFUNCTION("""COMPUTED_VALUE"""),15.5) -> 15.5 | F31: =IFERROR(__xludf.DUMMYFUNCTION("""COMPUTED_VALUE"""),"")
A32: =IFERROR(__xludf.DUMMYFUNCTION("""COMPUTED_VALUE"""),"BC-031") -> BC-031 | B32: =IFERROR(__xludf.DUMMYFUNCTION("""COMPUTED_VALUE"""),"pasta_farcida") -> pasta_farcida | C32: =IFERROR(__xludf.DUMMYFUNCTION("""COMPUTED_VALUE"""),"RISOTTO DE BOLETS") -> RISOTTO DE BOLETS | D32: =IFERROR(__xludf.DUMMYFUNCTION("""COMPUTED_VALUE"""),"Amb crema de tòfona") -> Amb crema de tòfona | E32: =IFERROR(__xludf.DUMMYFUNCTION("""COMPUTED_VALUE"""),19.0) -> 19 | F32: =IFERROR(__xludf.DUMMYFUNCTION("""COMPUTED_VALUE"""),"")
A33: =IFERROR(__xludf.DUMMYFUNCTION("""COMPUTED_VALUE"""),"BC-032") -> BC-032 | B33: =IFERROR(__xludf.DUMMYFUNCTION("""COMPUTED_VALUE"""),"pizzes") -> pizzes | C33: =IFERROR(__xludf.DUMMYFUNCTION("""COMPUTED_VALUE"""),"MARGARITA") -> MARGARITA | D33: =IFERROR(__xludf.DUMMYFUNCTION("""COMPUTED_VALUE"""),"Tomàquet / mozzarella") -> Tomàquet / mozzarella | E33: =IFERROR(__xludf.DUMMYFUNCTION("""COMPUTED_VALUE"""),12.0) -> 12 | F33: =IFERROR(__xludf.DUMMYFUNCTION("""COMPUTED_VALUE"""),"")
A34: =IFERROR(__xludf.DUMMYFUNCTION("""COMPUTED_VALUE"""),"BC-033") -> BC-033 | B34: =IFERROR(__xludf.DUMMYFUNCTION("""COMPUTED_VALUE"""),"pizzes") -> pizzes | C34: =IFERROR(__xludf.DUMMYFUNCTION("""COMPUTED_VALUE"""),"PROSCIUTO") -> PROSCIUTO | D34: =IFERROR(__xludf.DUMMYFUNCTION("""COMPUTED_VALUE"""),"Tomàquet / mozzarella / pernil dolç") -> Tomàquet / mozzarella / pernil dolç | E34: =IFERROR(__xludf.DUMMYFUNCTION("""COMPUTED_VALUE"""),14.5) -> 14.5 | F34: =IFERROR(__xludf.DUMMYFUNCTION("""COMPUTED_VALUE"""),"")
A35: =IFERROR(__xludf.DUMMYFUNCTION("""COMPUTED_VALUE"""),"BC-034") -> BC-034 | B35: =IFERROR(__xludf.DUMMYFUNCTION("""COMPUTED_VALUE"""),"pizzes") -> pizzes | C35: =IFERROR(__xludf.DUMMYFUNCTION("""COMPUTED_VALUE"""),"REGINA") -> REGINA | D35: =IFERROR(__xludf.DUMMYFUNCTION("""COMPUTED_VALUE"""),"Tomàquet / mozzarella / pernil dolç / xampinyons") -> Tomàquet / mozzarella / pernil dolç / xampinyons | E35: =IFERROR(__xludf.DUMMYFUNCTION("""COMPUTED_VALUE"""),15.0) -> 15 | F35: =IFERROR(__xludf.DUMMYFUNCTION("""COMPUTED_VALUE"""),"")
A36: =IFERROR(__xludf.DUMMYFUNCTION("""COMPUTED_VALUE"""),"BC-035") -> BC-035 | B36: =IFERROR(__xludf.DUMMYFUNCTION("""COMPUTED_VALUE"""),"pizzes") -> pizzes | C36: =IFERROR(__xludf.DUMMYFUNCTION("""COMPUTED_VALUE"""),"CALZONE") -> CALZONE | D36: =IFERROR(__xludf.DUMMYFUNCTION("""COMPUTED_VALUE"""),"Tomàquet / mozzarella / pernil dolç / ou") -> Tomàquet / mozzarella / pernil dolç / ou | E36: =IFERROR(__xludf.DUMMYFUNCTION("""COMPUTED_VALUE"""),17.0) -> 17 | F36: =IFERROR(__xludf.DUMMYFUNCTION("""COMPUTED_VALUE"""),"")
A37: =IFERROR(__xludf.DUMMYFUNCTION("""COMPUTED_VALUE"""),"BC-036") -> BC-036 | B37: =IFERROR(__xludf.DUMMYFUNCTION("""COMPUTED_VALUE"""),"pizzes") -> pizzes | C37: =IFERROR(__xludf.DUMMYFUNCTION("""COMPUTED_VALUE"""),"PEPPERONI") -> PEPPERONI | D37: =IFERROR(__xludf.DUMMYFUNCTION("""COMPUTED_VALUE"""),"Tomàquet / mozzarella / pepperoni / bitxo verd") -> Tomàquet / mozzarella / pepperoni / bitxo verd | E37: =IFERROR(__xludf.DUMMYFUNCTION("""COMPUTED_VALUE"""),15.5) -> 15.5 | F37: =IFERROR(__xludf.DUMMYFUNCTION("""COMPUTED_VALUE"""),"")
A38: =IFERROR(__xludf.DUMMYFUNCTION("""COMPUTED_VALUE"""),"BC-037") -> BC-037 | B38: =IFERROR(__xludf.DUMMYFUNCTION("""COMPUTED_VALUE"""),"pizzes") -> pizzes | C38: =IFERROR(__xludf.DUMMYFUNCTION("""COMPUTED_VALUE"""),"CAPRESE") -> CAPRESE | D38: =IFERROR(__xludf.DUMMYFUNCTION("""COMPUTED_VALUE"""),"Tomàquet / mozzarella fresca / tomàquet sec casolà / alfàbrega") -> Tomàquet / mozzarella fresca / tomàquet sec casolà / alfàbrega | E38: =IFERROR(__xludf.DUMMYFUNCTION("""COMPUTED_VALUE"""),15.5) -> 15.5 | F38: =IFERROR(__xludf.DUMMYFUNCTION("""COMPUTED_VALUE"""),"")
A39: =IFERROR(__xludf.DUMMYFUNCTION("""COMPUTED_VALUE"""),"BC-038") -> BC-038 | B39: =IFERROR(__xludf.DUMMYFUNCTION("""COMPUTED_VALUE"""),"pizzes") -> pizzes | C39: =IFERROR(__xludf.DUMMYFUNCTION("""COMPUTED_VALUE"""),"GAMBES") -> GAMBES | D39: =IFERROR(__xludf.DUMMYFUNCTION("""COMPUTED_VALUE"""),"Tomàquet / mozzarella / gambes / all-julivert / oli") -> Tomàquet / mozzarella / gambes / all-julivert / oli | E39: =IFERROR(__xludf.DUMMYFUNCTION("""COMPUTED_VALUE"""),18.0) -> 18 | F39: =IFERROR(__xludf.DUMMYFUNCTION("""COMPUTED_VALUE"""),"")
A40: =IFERROR(__xludf.DUMMYFUNCTION("""COMPUTED_VALUE"""),"BC-039") -> BC-039 | B40: =IFERROR(__xludf.DUMMYFUNCTION("""COMPUTED_VALUE"""),"pizzes") -> pizzes | C40: =IFERROR(__xludf.DUMMYFUNCTION("""COMPUTED_VALUE"""),"IBÉRICA") -> IBÉRICA | D40: =IFERROR(__xludf.DUMMYFUNCTION("""COMPUTED_VALUE"""),"Tomàquet / mozzarella / pernil ibèric / parmesà / ruca") -> Tomàquet / mozzarella / pernil ibèric / parmesà / ruca | E40: =IFERROR(__xludf.DUMMYFUNCTION("""COMPUTED_VALUE"""),18.5) -> 18.5 | F40: =IFERROR(__xludf.DUMMYFUNCTION("""COMPUTED_VALUE"""),"")
A41: =IFERROR(__xludf.DUMMYFUNCTION("""COMPUTED_VALUE"""),"BC-040") -> BC-040 | B41: =IFERROR(__xludf.DUMMYFUNCTION("""COMPUTED_VALUE"""),"pizzes") -> pizzes | C41: =IFERROR(__xludf.DUMMYFUNCTION("""COMPUTED_VALUE"""),"4 ESTACIONS") -> 4 ESTACIONS | D41: =IFERROR(__xludf.DUMMYFUNCTION("""COMPUTED_VALUE"""),"Tomàquet / mozzarella / pernil dolç / xampinyons / carxofes / olives") -> Tomàquet / mozzarella / pernil dolç / xampinyons / carxofes / olives | E41: =IFERROR(__xludf.DUMMYFUNCTION("""COMPUTED_VALUE"""),16.0) -> 16 | F41: =IFERROR(__xludf.DUMMYFUNCTION("""COMPUTED_VALUE"""),"")
A42: =IFERROR(__xludf.DUMMYFUNCTION("""COMPUTED_VALUE"""),"BC-041") -> BC-041 | B42: =IFERROR(__xludf.DUMMYFUNCTION("""COMPUTED_VALUE"""),"pizzes") -> pizzes | C42: =IFERROR(__xludf.DUMMYFUNCTION("""COMPUTED_VALUE"""),"BELLA CIAO") -> BELLA CIAO | D42: =IFERROR(__xludf.DUMMYFUNCTION("""COMPUTED_VALUE"""),"Tomàquet / mozzarella / bologna / burrata / vinagreta de pistatxo") -> Tomàquet / mozzarella / bologna / burrata / vinagreta de pistatxo | E42: =IFERROR(__xludf.DUMMYFUNCTION("""COMPUTED_VALUE"""),17.5) -> 17.5 | F42: =IFERROR(__xludf.DUMMYFUNCTION("""COMPUTED_VALUE"""),"")
A43: =IFERROR(__xludf.DUMMYFUNCTION("""COMPUTED_VALUE"""),"BC-042") -> BC-042 | B43: =IFERROR(__xludf.DUMMYFUNCTION("""COMPUTED_VALUE"""),"pizzes") -> pizzes | C43: =IFERROR(__xludf.DUMMYFUNCTION("""COMPUTED_VALUE"""),"ITALIANA") -> ITALIANA | D43: =IFERROR(__xludf.DUMMYFUNCTION("""COMPUTED_VALUE"""),"Tomàquet / ruca / mozzarella / cherry / burrata / salsa pesto") -> Tomàquet / ruca / mozzarella / cherry / burrata / salsa pesto | E43: =IFERROR(__xludf.DUMMYFUNCTION("""COMPUTED_VALUE"""),18.0) -> 18 | F43: =IFERROR(__xludf.DUMMYFUNCTION("""COMPUTED_VALUE"""),"")
A44: =IFERROR(__xludf.DUMMYFUNCTION("""COMPUTED_VALUE"""),"BC-043") -> BC-043 | B44: =IFERROR(__xludf.DUMMYFUNCTION("""COMPUTED_VALUE"""),"pizzes") -> pizzes | C44: =IFERROR(__xludf.DUMMYFUNCTION("""COMPUTED_VALUE"""),"VEGETARIANA") -> VEGETARIANA | D44: =IFERROR(__xludf.DUMMYFUNCTION("""COMPUTED_VALUE"""),"Tomàquet / mozzarella / pebrot / carxofes / xampinyons / ceba") -> Tomàquet / mozzarella / pebrot / carxofes / xampinyons / ceba | E44: =IFERROR(__xludf.DUMMYFUNCTION("""COMPUTED_VALUE"""),16.5) -> 16.5 | F44: =IFERROR(__xludf.DUMMYFUNCTION("""COMPUTED_VALUE"""),"")
A45: =IFERROR(__xludf.DUMMYFUNCTION("""COMPUTED_VALUE"""),"BC-044") -> BC-044 | B45: =IFERROR(__xludf.DUMMYFUNCTION("""COMPUTED_VALUE"""),"pizzes_blanques") -> pizzes_blanques | C45: =IFERROR(__xludf.DUMMYFUNCTION("""COMPUTED_VALUE"""),"TARTUFATA") -> TARTUFATA | D45: =IFERROR(__xludf.DUMMYFUNCTION("""COMPUTED_VALUE"""),"Mozzarella / crema de tòfona / romaní / parmesà") -> Mozzarella / crema de tòfona / romaní / parmesà | E45: =IFERROR(__xludf.DUMMYFUNCTION("""COMPUTED_VALUE"""),15.5) -> 15.5 | F45: =IFERROR(__xludf.DUMMYFUNCTION("""COMPUTED_VALUE"""),"")
A46: =IFERROR(__xludf.DUMMYFUNCTION("""COMPUTED_VALUE"""),"BC-045") -> BC-045 | B46: =IFERROR(__xludf.DUMMYFUNCTION("""COMPUTED_VALUE"""),"pizzes_blanques") -> pizzes_blanques | C46: =IFERROR(__xludf.DUMMYFUNCTION("""COMPUTED_VALUE"""),"5 FORMATGES") -> 5 FORMATGES | D46: =IFERROR(__xludf.DUMMYFUNCTION("""COMPUTED_VALUE"""),"Mozzarella / cabra / emmental / roquefort / parmesà") -> Mozzarella / cabra / emmental / roquefort / parmesà | E46: =IFERROR(__xludf.DUMMYFUNCTION("""COMPUTED_VALUE"""),16.5) -> 16.5 | F46: =IFERROR(__xludf.DUMMYFUNCTION("""COMPUTED_VALUE"""),"")
A47: =IFERROR(__xludf.DUMMYFUNCTION("""COMPUTED_VALUE"""),"BC-046") -> BC-046 | B47: =IFERROR(__xludf.DUMMYFUNCTION("""COMPUTED_VALUE"""),"pizzes_blanques") -> pizzes_blanques | C47: =IFERROR(__xludf.DUMMYFUNCTION("""COMPUTED_VALUE"""),"FOCACCIA TONNO") -> FOCACCIA TONNO | D47: =IFERROR(__xludf.DUMMYFUNCTION("""COMPUTED_VALUE"""),"Mozzarella / maionesa / tonyina / tomàquet / ceba / ruca") -> Mozzarella / maionesa / tonyina / tomàquet / ceba / ruca | E47: =IFERROR(__xludf.DUMMYFUNCTION("""COMPUTED_VALUE"""),18.0) -> 18 | F47: =IFERROR(__xludf.DUMMYFUNCTION("""COMPUTED_VALUE"""),"")
A48: =IFERROR(__xludf.DUMMYFUNCTION("""COMPUTED_VALUE"""),"BC-047") -> BC-047 | B48: =IFERROR(__xludf.DUMMYFUNCTION("""COMPUTED_VALUE"""),"pizzes_blanques") -> pizzes_blanques | C48: =IFERROR(__xludf.DUMMYFUNCTION("""COMPUTED_VALUE"""),"CARBONARA") -> CARBONARA | D48: =IFERROR(__xludf.DUMMYFUNCTION("""COMPUTED_VALUE"""),"Mozzarella / nata / guanciale / ceba / ou / parmesà") -> Mozzarella / nata / guanciale / ceba / ou / parmesà | E48: =IFERROR(__xludf.DUMMYFUNCTION("""COMPUTED_VALUE"""),16.0) -> 16 | F48: =IFERROR(__xludf.DUMMYFUNCTION("""COMPUTED_VALUE"""),"")
A49: =IFERROR(__xludf.DUMMYFUNCTION("""COMPUTED_VALUE"""),"BC-048") -> BC-048 | B49: =IFERROR(__xludf.DUMMYFUNCTION("""COMPUTED_VALUE"""),"postres") -> postres | C49: =IFERROR(__xludf.DUMMYFUNCTION("""COMPUTED_VALUE"""),"TIRAMISÚ CLÀSSIC") -> TIRAMISÚ CLÀSSIC | D49: =IFERROR(__xludf.DUMMYFUNCTION("""COMPUTED_VALUE"""),"") | E49: =IFERROR(__xludf.DUMMYFUNCTION("""COMPUTED_VALUE"""),7.0) -> 7 | F49: =IFERROR(__xludf.DUMMYFUNCTION("""COMPUTED_VALUE"""),"")
A50: =IFERROR(__xludf.DUMMYFUNCTION("""COMPUTED_VALUE"""),"BC-049") -> BC-049 | B50: =IFERROR(__xludf.DUMMYFUNCTION("""COMPUTED_VALUE"""),"postres") -> postres | C50: =IFERROR(__xludf.DUMMYFUNCTION("""COMPUTED_VALUE"""),"TIRAMISÚ DE FESTUCS") -> TIRAMISÚ DE FESTUCS | D50: =IFERROR(__xludf.DUMMYFUNCTION("""COMPUTED_VALUE"""),"") | E50: =IFERROR(__xludf.DUMMYFUNCTION("""COMPUTED_VALUE"""),8.0) -> 8 | F50: =IFERROR(__xludf.DUMMYFUNCTION("""COMPUTED_VALUE"""),"")
A51: =IFERROR(__xludf.DUMMYFUNCTION("""COMPUTED_VALUE"""),"BC-050") -> BC-050 | B51: =IFERROR(__xludf.DUMMYFUNCTION("""COMPUTED_VALUE"""),"postres") -> postres | C51: =IFERROR(__xludf.DUMMYFUNCTION("""COMPUTED_VALUE"""),"GELAT ARTESANAL") -> GELAT ARTESANAL | D51: =IFERROR(__xludf.DUMMYFUNCTION("""COMPUTED_VALUE"""),"") | E51: =IFERROR(__xludf.DUMMYFUNCTION("""COMPUTED_VALUE"""),5.0) -> 5 | F51: =IFERROR(__xludf.DUMMYFUNCTION("""COMPUTED_VALUE"""),"")
A52: =IFERROR(__xludf.DUMMYFUNCTION("""COMPUTED_VALUE"""),"BC-051") -> BC-051 | B52: =IFERROR(__xludf.DUMMYFUNCTION("""COMPUTED_VALUE"""),"postres") -> postres | C52: =IFERROR(__xludf.DUMMYFUNCTION("""COMPUTED_VALUE"""),"PANNA COTTA") -> PANNA COTTA | D52: =IFERROR(__xludf.DUMMYFUNCTION("""COMPUTED_VALUE"""),"De romaní amb ginebra i préssec") -> De romaní amb ginebra i préssec | E52: =IFERROR(__xludf.DUMMYFUNCTION("""COMPUTED_VALUE"""),6.5) -> 6.5 | F52: =IFERROR(__xludf.DUMMYFUNCTION("""COMPUTED_VALUE"""),"")
A53: =IFERROR(__xludf.DUMMYFUNCTION("""COMPUTED_VALUE"""),"BC-052") -> BC-052 | B53: =IFERROR(__xludf.DUMMYFUNCTION("""COMPUTED_VALUE"""),"postres") -> postres | C53: =IFERROR(__xludf.DUMMYFUNCTION("""COMPUTED_VALUE"""),"COULANT DE XOCOLATA") -> COULANT DE XOCOLATA | D53: =IFERROR(__xludf.DUMMYFUNCTION("""COMPUTED_VALUE"""),"") | E53: =IFERROR(__xludf.DUMMYFUNCTION("""COMPUTED_VALUE"""),5.0) -> 5 | F53: =IFERROR(__xludf.DUMMYFUNCTION("""COMPUTED_VALUE"""),"")
A54: =IFERROR(__xludf.DUMMYFUNCTION("""COMPUTED_VALUE"""),"BC-053") -> BC-053 | B54: =IFERROR(__xludf.DUMMYFUNCTION("""COMPUTED_VALUE"""),"postres") -> postres | C54: =IFERROR(__xludf.DUMMYFUNCTION("""COMPUTED_VALUE"""),"MADUIXES AL PEBRE") -> MADUIXES AL PEBRE | D54: =IFERROR(__xludf.DUMMYFUNCTION("""COMPUTED_VALUE"""),"") | E54: =IFERROR(__xludf.DUMMYFUNCTION("""COMPUTED_VALUE"""),12.5) -> 12.5 | F54: =IFERROR(__xludf.DUMMYFUNCTION("""COMPUTED_VALUE"""),"")
A55: =IFERROR(__xludf.DUMMYFUNCTION("""COMPUTED_VALUE"""),"BC-054") -> BC-054 | B55: =IFERROR(__xludf.DUMMYFUNCTION("""COMPUTED_VALUE"""),"postres") -> postres | C55: =IFERROR(__xludf.DUMMYFUNCTION("""COMPUTED_VALUE"""),"CALZONE DOLÇA") -> CALZONE DOLÇA | D55: =IFERROR(__xludf.DUMMYFUNCTION("""COMPUTED_VALUE"""),"") | E55: =IFERROR(__xludf.DUMMYFUNCTION("""COMPUTED_VALUE"""),10.0) -> 10 | F55: =IFERROR(__xludf.DUMMYFUNCTION("""COMPUTED_VALUE"""),"")
A56: =IFERROR(__xludf.DUMMYFUNCTION("""COMPUTED_VALUE"""),"BC-055") -> BC-055 | B56: =IFERROR(__xludf.DUMMYFUNCTION("""COMPUTED_VALUE"""),"postres") -> postres | C56: =IFERROR(__xludf.DUMMYFUNCTION("""COMPUTED_VALUE"""),"AFFOGATO SENSE AMARETO") -> AFFOGATO SENSE AMARETO | D56: =IFERROR(__xludf.DUMMYFUNCTION("""COMPUTED_VALUE"""),"") | E56: =IFERROR(__xludf.DUMMYFUNCTION("""COMPUTED_VALUE"""),6.5) -> 6.5 | F56: =IFERROR(__xludf.DUMMYFUNCTION("""COMPUTED_VALUE"""),"")
A57: =IFERROR(__xludf.DUMMYFUNCTION("""COMPUTED_VALUE"""),"BC-056") -> BC-056 | B57: =IFERROR(__xludf.DUMMYFUNCTION("""COMPUTED_VALUE"""),"postres") -> postres | C57: =IFERROR(__xludf.DUMMYFUNCTION("""COMPUTED_VALUE"""),"AFFOGATO AMB AMARETTO") -> AFFOGATO AMB AMARETTO | D57: =IFERROR(__xludf.DUMMYFUNCTION("""COMPUTED_VALUE"""),"") | E57: =IFERROR(__xludf.DUMMYFUNCTION("""COMPUTED_VALUE"""),8.5) -> 8.5 | F57: =IFERROR(__xludf.DUMMYFUNCTION("""COMPUTED_VALUE"""),"")
A58: =IFERROR(__xludf.DUMMYFUNCTION("""COMPUTED_VALUE"""),"BC-057") -> BC-057 | B58: =IFERROR(__xludf.DUMMYFUNCTION("""COMPUTED_VALUE"""),"cafe_te") -> cafe_te | C58: =IFERROR(__xludf.DUMMYFUNCTION("""COMPUTED_VALUE"""),"CAFÈ SOL") -> CAFÈ SOL | D58: =IFERROR(__xludf.DUMMYFUNCTION("""COMPUTED_VALUE"""),"") | E58: =IFERROR(__xludf.DUMMYFUNCTION("""COMPUTED_VALUE"""),1.5) -> 1.5 | F58: =IFERROR(__xludf.DUMMYFUNCTION("""COMPUTED_VALUE"""),"")
A59: =IFERROR(__xludf.DUMMYFUNCTION("""COMPUTED_VALUE"""),"BC-058") -> BC-058 | B59: =IFERROR(__xludf.DUMMYFUNCTION("""COMPUTED_VALUE"""),"cafe_te") -> cafe_te | C59: =IFERROR(__xludf.DUMMYFUNCTION("""COMPUTED_VALUE"""),"ESPRESSO DOBLE") -> ESPRESSO DOBLE | D59: =IFERROR(__xludf.DUMMYFUNCTION("""COMPUTED_VALUE"""),"") | E59: =IFERROR(__xludf.DUMMYFUNCTION("""COMPUTED_VALUE"""),2.0) -> 2 | F59: =IFERROR(__xludf.DUMMYFUNCTION("""COMPUTED_VALUE"""),"")
A60: =IFERROR(__xludf.DUMMYFUNCTION("""COMPUTED_VALUE"""),"BC-059") -> BC-059 | B60: =IFERROR(__xludf.DUMMYFUNCTION("""COMPUTED_VALUE"""),"cafe_te") -> cafe_te | C60: =IFERROR(__xludf.DUMMYFUNCTION("""COMPUTED_VALUE"""),"CAFÈ AMB LLET") -> CAFÈ AMB LLET | D60: =IFERROR(__xludf.DUMMYFUNCTION("""COMPUTED_VALUE"""),"") | E60: =IFERROR(__xludf.DUMMYFUNCTION("""COMPUTED_VALUE"""),1.8) -> 1.8 | F60: =IFERROR(__xludf.DUMMYFUNCTION("""COMPUTED_VALUE"""),"")
A61: =IFERROR(__xludf.DUMMYFUNCTION("""COMPUTED_VALUE"""),"BC-060") -> BC-060 | B61: =IFERROR(__xludf.DUMMYFUNCTION("""COMPUTED_VALUE"""),"cafe_te") -> cafe_te | C61: =IFERROR(__xludf.DUMMYFUNCTION("""COMPUTED_VALUE"""),"AMERICÀ / TALLAT") -> AMERICÀ / TALLAT | D61: =IFERROR(__xludf.DUMMYFUNCTION("""COMPUTED_VALUE"""),"") | E61: =IFERROR(__xludf.DUMMYFUNCTION("""COMPUTED_VALUE"""),2.0) -> 2 | F61: =IFERROR(__xludf.DUMMYFUNCTION("""COMPUTED_VALUE"""),"")
A62: =IFERROR(__xludf.DUMMYFUNCTION("""COMPUTED_VALUE"""),"BC-061") -> BC-061 | B62: =IFERROR(__xludf.DUMMYFUNCTION("""COMPUTED_VALUE"""),"cafe_te") -> cafe_te | C62: =IFERROR(__xludf.DUMMYFUNCTION("""COMPUTED_VALUE"""),"CAPPUCCINO") -> CAPPUCCINO | D62: =IFERROR(__xludf.DUMMYFUNCTION("""COMPUTED_VALUE"""),"") | E62: =IFERROR(__xludf.DUMMYFUNCTION("""COMPUTED_VALUE"""),2.2) -> 2.2 | F62: =IFERROR(__xludf.DUMMYFUNCTION("""COMPUTED_VALUE"""),"")
A63: =IFERROR(__xludf.DUMMYFUNCTION("""COMPUTED_VALUE"""),"BC-062") -> BC-062 | B63: =IFERROR(__xludf.DUMMYFUNCTION("""COMPUTED_VALUE"""),"cafe_te") -> cafe_te | C63: =IFERROR(__xludf.DUMMYFUNCTION("""COMPUTED_VALUE"""),"AMERICÀ AMB GEL") -> AMERICÀ AMB GEL | D63: =IFERROR(__xludf.DUMMYFUNCTION("""COMPUTED_VALUE"""),"") | E63: =IFERROR(__xludf.DUMMYFUNCTION("""COMPUTED_VALUE"""),2.25) -> 2.25 | F63: =IFERROR(__xludf.DUMMYFUNCTION("""COMPUTED_VALUE"""),"")
A64: =IFERROR(__xludf.DUMMYFUNCTION("""COMPUTED_VALUE"""),"BC-063") -> BC-063 | B64: =IFERROR(__xludf.DUMMYFUNCTION("""COMPUTED_VALUE"""),"cafe_te") -> cafe_te | C64: =IFERROR(__xludf.DUMMYFUNCTION("""COMPUTED_VALUE"""),"CIGALÓ") -> CIGALÓ | D64: =IFERROR(__xludf.DUMMYFUNCTION("""COMPUTED_VALUE"""),"") | E64: =IFERROR(__xludf.DUMMYFUNCTION("""COMPUTED_VALUE"""),3.0) -> 3 | F64: =IFERROR(__xludf.DUMMYFUNCTION("""COMPUTED_VALUE"""),"")
A65: =IFERROR(__xludf.DUMMYFUNCTION("""COMPUTED_VALUE"""),"BC-064") -> BC-064 | B65: =IFERROR(__xludf.DUMMYFUNCTION("""COMPUTED_VALUE"""),"cafe_te") -> cafe_te | C65: =IFERROR(__xludf.DUMMYFUNCTION("""COMPUTED_VALUE"""),"TRIFÀSIC") -> TRIFÀSIC | D65: =IFERROR(__xludf.DUMMYFUNCTION("""COMPUTED_VALUE"""),"") | E65: =IFERROR(__xludf.DUMMYFUNCTION("""COMPUTED_VALUE"""),3.0) -> 3 | F65: =IFERROR(__xludf.DUMMYFUNCTION("""COMPUTED_VALUE"""),"")
A66: =IFERROR(__xludf.DUMMYFUNCTION("""COMPUTED_VALUE"""),"BC-065") -> BC-065 | B66: =IFERROR(__xludf.DUMMYFUNCTION("""COMPUTED_VALUE"""),"cafe_te") -> cafe_te | C66: =IFERROR(__xludf.DUMMYFUNCTION("""COMPUTED_VALUE"""),"CAFÈ IRLANDÈS") -> CAFÈ IRLANDÈS | D66: =IFERROR(__xludf.DUMMYFUNCTION("""COMPUTED_VALUE"""),"") | E66: =IFERROR(__xludf.DUMMYFUNCTION("""COMPUTED_VALUE"""),7.0) -> 7 | F66: =IFERROR(__xludf.DUMMYFUNCTION("""COMPUTED_VALUE"""),"")
A67: =IFERROR(__xludf.DUMMYFUNCTION("""COMPUTED_VALUE"""),"BC-066") -> BC-066 | B67: =IFERROR(__xludf.DUMMYFUNCTION("""COMPUTED_VALUE"""),"cafe_te") -> cafe_te | C67: =IFERROR(__xludf.DUMMYFUNCTION("""COMPUTED_VALUE"""),"INFUSIONS DAMMANN") -> INFUSIONS DAMMANN | D67: =IFERROR(__xludf.DUMMYFUNCTION("""COMPUTED_VALUE"""),"Te negre / te verd / camamilla") -> Te negre / te verd / camamilla | E67: =IFERROR(__xludf.DUMMYFUNCTION("""COMPUTED_VALUE"""),2.0) -> 2 | F67: =IFERROR(__xludf.DUMMYFUNCTION("""COMPUTED_VALUE"""),"")
A68: =IFERROR(__xludf.DUMMYFUNCTION("""COMPUTED_VALUE"""),"BC-067") -> BC-067 | B68: =IFERROR(__xludf.DUMMYFUNCTION("""COMPUTED_VALUE"""),"begudes") -> begudes | C68: =IFERROR(__xludf.DUMMYFUNCTION("""COMPUTED_VALUE"""),"REFRESCOS") -> REFRESCOS | D68: =IFERROR(__xludf.DUMMYFUNCTION("""COMPUTED_VALUE"""),"Coca-Cola / Fanta / Cola Zero / Nestea / Aquarius") -> Coca-Cola / Fanta / Cola Zero / Nestea / Aquarius | E68: =IFERROR(__xludf.DUMMYFUNCTION("""COMPUTED_VALUE"""),3.0) -> 3 | F68: =IFERROR(__xludf.DUMMYFUNCTION("""COMPUTED_VALUE"""),"")
A69: =IFERROR(__xludf.DUMMYFUNCTION("""COMPUTED_VALUE"""),"BC-068") -> BC-068 | B69: =IFERROR(__xludf.DUMMYFUNCTION("""COMPUTED_VALUE"""),"begudes") -> begudes | C69: =IFERROR(__xludf.DUMMYFUNCTION("""COMPUTED_VALUE"""),"TÒNICA") -> TÒNICA | D69: =IFERROR(__xludf.DUMMYFUNCTION("""COMPUTED_VALUE"""),"") | E69: =IFERROR(__xludf.DUMMYFUNCTION("""COMPUTED_VALUE"""),2.5) -> 2.5 | F69: =IFERROR(__xludf.DUMMYFUNCTION("""COMPUTED_VALUE"""),"")
A70: =IFERROR(__xludf.DUMMYFUNCTION("""COMPUTED_VALUE"""),"BC-069") -> BC-069 | B70: =IFERROR(__xludf.DUMMYFUNCTION("""COMPUTED_VALUE"""),"begudes") -> begudes | C70: =IFERROR(__xludf.DUMMYFUNCTION("""COMPUTED_VALUE"""),"BITTER KAS") -> BITTER KAS | D70: =IFERROR(__xludf.DUMMYFUNCTION("""COMPUTED_VALUE"""),"") | E70: =IFERROR(__xludf.DUMMYFUNCTION("""COMPUTED_VALUE"""),2.5) -> 2.5 | F70: =IFERROR(__xludf.DUMMYFUNCTION("""COMPUTED_VALUE"""),"")
A71: =IFERROR(__xludf.DUMMYFUNCTION("""COMPUTED_VALUE"""),"BC-070") -> BC-070 | B71: =IFERROR(__xludf.DUMMYFUNCTION("""COMPUTED_VALUE"""),"begudes") -> begudes | C71: =IFERROR(__xludf.DUMMYFUNCTION("""COMPUTED_VALUE"""),"SOLAN DE CABRAS") -> SOLAN DE CABRAS | D71: =IFERROR(__xludf.DUMMYFUNCTION("""COMPUTED_VALUE"""),"") | E71: =IFERROR(__xludf.DUMMYFUNCTION("""COMPUTED_VALUE"""),2.5) -> 2.5 | F71: =IFERROR(__xludf.DUMMYFUNCTION("""COMPUTED_VALUE"""),"")
A72: =IFERROR(__xludf.DUMMYFUNCTION("""COMPUTED_VALUE"""),"BC-071") -> BC-071 | B72: =IFERROR(__xludf.DUMMYFUNCTION("""COMPUTED_VALUE"""),"begudes") -> begudes | C72: =IFERROR(__xludf.DUMMYFUNCTION("""COMPUTED_VALUE"""),"VICHY CATALAN") -> VICHY CATALAN | D72: =IFERROR(__xludf.DUMMYFUNCTION("""COMPUTED_VALUE"""),"") | E72: =IFERROR(__xludf.DUMMYFUNCTION("""COMPUTED_VALUE"""),2.5) -> 2.5 | F72: =IFERROR(__xludf.DUMMYFUNCTION("""COMPUTED_VALUE"""),"")
A73: =IFERROR(__xludf.DUMMYFUNCTION("""COMPUTED_VALUE"""),"BC-072") -> BC-072 | B73: =IFERROR(__xludf.DUMMYFUNCTION("""COMPUTED_VALUE"""),"begudes") -> begudes | C73: =IFERROR(__xludf.DUMMYFUNCTION("""COMPUTED_VALUE"""),"AIGUA S. PELLEGRINO") -> AIGUA S. PELLEGRINO | D73: =IFERROR(__xludf.DUMMYFUNCTION("""COMPUTED_VALUE"""),"") | E73: =IFERROR(__xludf.DUMMYFUNCTION("""COMPUTED_VALUE"""),4.0) -> 4 | F73: =IFERROR(__xludf.DUMMYFUNCTION("""COMPUTED_VALUE"""),"")
A74: =IFERROR(__xludf.DUMMYFUNCTION("""COMPUTED_VALUE"""),"BC-073") -> BC-073 | B74: =IFERROR(__xludf.DUMMYFUNCTION("""COMPUTED_VALUE"""),"alcohol") -> alcohol | C74: =IFERROR(__xludf.DUMMYFUNCTION("""COMPUTED_VALUE"""),"XOPET") -> XOPET | D74: =IFERROR(__xludf.DUMMYFUNCTION("""COMPUTED_VALUE"""),"Herbes / limoncello") -> Herbes / limoncello | E74: =IFERROR(__xludf.DUMMYFUNCTION("""COMPUTED_VALUE"""),2.0) -> 2 | F74: =IFERROR(__xludf.DUMMYFUNCTION("""COMPUTED_VALUE"""),"")
A75: =IFERROR(__xludf.DUMMYFUNCTION("""COMPUTED_VALUE"""),"BC-074") -> BC-074 | B75: =IFERROR(__xludf.DUMMYFUNCTION("""COMPUTED_VALUE"""),"alcohol") -> alcohol | C75: =IFERROR(__xludf.DUMMYFUNCTION("""COMPUTED_VALUE"""),"MARTINI / VERMUT") -> MARTINI / VERMUT | D75: =IFERROR(__xludf.DUMMYFUNCTION("""COMPUTED_VALUE"""),"Blanc / rosso") -> Blanc / rosso | E75: =IFERROR(__xludf.DUMMYFUNCTION("""COMPUTED_VALUE"""),4.5) -> 4.5 | F75: =IFERROR(__xludf.DUMMYFUNCTION("""COMPUTED_VALUE"""),"")
A76: =IFERROR(__xludf.DUMMYFUNCTION("""COMPUTED_VALUE"""),"BC-075") -> BC-075 | B76: =IFERROR(__xludf.DUMMYFUNCTION("""COMPUTED_VALUE"""),"alcohol") -> alcohol | C76: =IFERROR(__xludf.DUMMYFUNCTION("""COMPUTED_VALUE"""),"BAILEYS") -> BAILEYS | D76: =IFERROR(__xludf.DUMMYFUNCTION("""COMPUTED_VALUE"""),"") | E76: =IFERROR(__xludf.DUMMYFUNCTION("""COMPUTED_VALUE"""),5.25) -> 5.25 | F76: =IFERROR(__xludf.DUMMYFUNCTION("""COMPUTED_VALUE"""),"")
A77: =IFERROR(__xludf.DUMMYFUNCTION("""COMPUTED_VALUE"""),"BC-076") -> BC-076 | B77: =IFERROR(__xludf.DUMMYFUNCTION("""COMPUTED_VALUE"""),"alcohol") -> alcohol | C77: =IFERROR(__xludf.DUMMYFUNCTION("""COMPUTED_VALUE"""),"ROM") -> ROM | D77: =IFERROR(__xludf.DUMMYFUNCTION("""COMPUTED_VALUE"""),"") | E77: =IFERROR(__xludf.DUMMYFUNCTION("""COMPUTED_VALUE"""),5.0) -> 5 | F77: =IFERROR(__xludf.DUMMYFUNCTION("""COMPUTED_VALUE"""),"")
A78: =IFERROR(__xludf.DUMMYFUNCTION("""COMPUTED_VALUE"""),"BC-077") -> BC-077 | B78: =IFERROR(__xludf.DUMMYFUNCTION("""COMPUTED_VALUE"""),"alcohol") -> alcohol | C78: =IFERROR(__xludf.DUMMYFUNCTION("""COMPUTED_VALUE"""),"WHISKY") -> WHISKY | D78: =IFERROR(__xludf.DUMMYFUNCTION("""COMPUTED_VALUE"""),"J&B / Jameson / Jack Daniel’s") -> J&B / Jameson / Jack Daniel’s | E78: =IFERROR(__xludf.DUMMYFUNCTION("""COMPUTED_VALUE"""),0.0) -> 0 | F78: =IFERROR(__xludf.DUMMYFUNCTION("""COMPUTED_VALUE"""),"")
A79: =IFERROR(__xludf.DUMMYFUNCTION("""COMPUTED_VALUE"""),"BC-078") -> BC-078 | B79: =IFERROR(__xludf.DUMMYFUNCTION("""COMPUTED_VALUE"""),"alcohol") -> alcohol | C79: =IFERROR(__xludf.DUMMYFUNCTION("""COMPUTED_VALUE"""),"CAMPARI") -> CAMPARI | D79: =IFERROR(__xludf.DUMMYFUNCTION("""COMPUTED_VALUE"""),"") | E79: =IFERROR(__xludf.DUMMYFUNCTION("""COMPUTED_VALUE"""),5.0) -> 5 | F79: =IFERROR(__xludf.DUMMYFUNCTION("""COMPUTED_VALUE"""),"")
A80: =IFERROR(__xludf.DUMMYFUNCTION("""COMPUTED_VALUE"""),"BC-079") -> BC-079 | B80: =IFERROR(__xludf.DUMMYFUNCTION("""COMPUTED_VALUE"""),"alcohol") -> alcohol | C80: =IFERROR(__xludf.DUMMYFUNCTION("""COMPUTED_VALUE"""),"CARAMOL") -> CARAMOL | D80: =IFERROR(__xludf.DUMMYFUNCTION("""COMPUTED_VALUE"""),"") | E80: =IFERROR(__xludf.DUMMYFUNCTION("""COMPUTED_VALUE"""),5.25) -> 5.25 | F80: =IFERROR(__xludf.DUMMYFUNCTION("""COMPUTED_VALUE"""),"")
A81: =IFERROR(__xludf.DUMMYFUNCTION("""COMPUTED_VALUE"""),"BC-080") -> BC-080 | B81: =IFERROR(__xludf.DUMMYFUNCTION("""COMPUTED_VALUE"""),"alcohol") -> alcohol | C81: =IFERROR(__xludf.DUMMYFUNCTION("""COMPUTED_VALUE"""),"VODKA") -> VODKA | D81: =IFERROR(__xludf.DUMMYFUNCTION("""COMPUTED_VALUE"""),"Absolut / Grey Goose") -> Absolut / Grey Goose | E81: =IFERROR(__xludf.DUMMYFUNCTION("""COMPUTED_VALUE"""),0.0) -> 0 | F81: =IFERROR(__xludf.DUMMYFUNCTION("""COMPUTED_VALUE"""),"")
A82: =IFERROR(__xludf.DUMMYFUNCTION("""COMPUTED_VALUE"""),"BC-081") -> BC-081 | B82: =IFERROR(__xludf.DUMMYFUNCTION("""COMPUTED_VALUE"""),"coctels") -> coctels | C82: =IFERROR(__xludf.DUMMYFUNCTION("""COMPUTED_VALUE"""),"KIRSCH BELLA CIAO") -> KIRSCH BELLA CIAO | D82: =IFERROR(__xludf.DUMMYFUNCTION("""COMPUTED_VALUE"""),"Caramol / cava") -> Caramol / cava | E82: =IFERROR(__xludf.DUMMYFUNCTION("""COMPUTED_VALUE"""),6.0) -> 6 | F82: =IFERROR(__xludf.DUMMYFUNCTION("""COMPUTED_VALUE"""),"")
A83: =IFERROR(__xludf.DUMMYFUNCTION("""COMPUTED_VALUE"""),"BC-082") -> BC-082 | B83: =IFERROR(__xludf.DUMMYFUNCTION("""COMPUTED_VALUE"""),"coctels") -> coctels | C83: =IFERROR(__xludf.DUMMYFUNCTION("""COMPUTED_VALUE"""),"CUBATA") -> CUBATA | D83: =IFERROR(__xludf.DUMMYFUNCTION("""COMPUTED_VALUE"""),"Alcohol / refresc") -> Alcohol / refresc | E83: =IFERROR(__xludf.DUMMYFUNCTION("""COMPUTED_VALUE"""),7.0) -> 7 | F83: =IFERROR(__xludf.DUMMYFUNCTION("""COMPUTED_VALUE"""),"")
A84: =IFERROR(__xludf.DUMMYFUNCTION("""COMPUTED_VALUE"""),"BC-083") -> BC-083 | B84: =IFERROR(__xludf.DUMMYFUNCTION("""COMPUTED_VALUE"""),"coctels") -> coctels | C84: =IFERROR(__xludf.DUMMYFUNCTION("""COMPUTED_VALUE"""),"APEROL SPRITZ") -> APEROL SPRITZ | D84: =IFERROR(__xludf.DUMMYFUNCTION("""COMPUTED_VALUE"""),"Aperol / cava / aigua amb gas") -> Aperol / cava / aigua amb gas | E84: =IFERROR(__xludf.DUMMYFUNCTION("""COMPUTED_VALUE"""),9.0) -> 9 | F84: =IFERROR(__xludf.DUMMYFUNCTION("""COMPUTED_VALUE"""),"")
A85: =IFERROR(__xludf.DUMMYFUNCTION("""COMPUTED_VALUE"""),"BC-084") -> BC-084 | B85: =IFERROR(__xludf.DUMMYFUNCTION("""COMPUTED_VALUE"""),"coctels") -> coctels | C85: =IFERROR(__xludf.DUMMYFUNCTION("""COMPUTED_VALUE"""),"GIN-TÒNIC") -> GIN-TÒNIC | D85: =IFERROR(__xludf.DUMMYFUNCTION("""COMPUTED_VALUE"""),"Hendrick’s / Floraison / Bombay Sapphire") -> Hendrick’s / Floraison / Bombay Sapphire | E85: =IFERROR(__xludf.DUMMYFUNCTION("""COMPUTED_VALUE"""),0.0) -> 0 | F85: =IFERROR(__xludf.DUMMYFUNCTION("""COMPUTED_VALUE"""),"")
A86: =IFERROR(__xludf.DUMMYFUNCTION("""COMPUTED_VALUE"""),"BC-085") -> BC-085 | B86: =IFERROR(__xludf.DUMMYFUNCTION("""COMPUTED_VALUE"""),"cerveses") -> cerveses | C86: =IFERROR(__xludf.DUMMYFUNCTION("""COMPUTED_VALUE"""),"LAGER ESTRELLA ANDORRA") -> LAGER ESTRELLA ANDORRA | D86: =IFERROR(__xludf.DUMMYFUNCTION("""COMPUTED_VALUE"""),"Cervesa clara i refrescant, de malta suau i final net. Alc. 4,5 %.") -> Cervesa clara i refrescant, de malta suau i final net. Alc. 4,5 %. | E86: =IFERROR(__xludf.DUMMYFUNCTION("""COMPUTED_VALUE"""),3.6) -> 3.6 | F86: =IFERROR(__xludf.DUMMYFUNCTION("""COMPUTED_VALUE"""),"")
A87: =IFERROR(__xludf.DUMMYFUNCTION("""COMPUTED_VALUE"""),"BC-086") -> BC-086 | B87: =IFERROR(__xludf.DUMMYFUNCTION("""COMPUTED_VALUE"""),"cerveses") -> cerveses | C87: =IFERROR(__xludf.DUMMYFUNCTION("""COMPUTED_VALUE"""),"TORRADA ANDBEER") -> TORRADA ANDBEER | D87: =IFERROR(__xludf.DUMMYFUNCTION("""COMPUTED_VALUE"""),"Cos ple, malta torrada amb aromes de pa negre i lleugers tocs de cafè. Alc. 6,3 %.") -> Cos ple, malta torrada amb aromes de pa negre i lleugers tocs de cafè. Alc. 6,3 %. | E87: =IFERROR(__xludf.DUMMYFUNCTION("""COMPUTED_VALUE"""),3.6) -> 3.6 | F87: =IFERROR(__xludf.DUMMYFUNCTION("""COMPUTED_VALUE"""),"")
A88: =IFERROR(__xludf.DUMMYFUNCTION("""COMPUTED_VALUE"""),"BC-087") -> BC-087 | B88: =IFERROR(__xludf.DUMMYFUNCTION("""COMPUTED_VALUE"""),"cerveses") -> cerveses | C88: =IFERROR(__xludf.DUMMYFUNCTION("""COMPUTED_VALUE"""),"AMBER ALE ANDBEER") -> AMBER ALE ANDBEER | D88: =IFERROR(__xludf.DUMMYFUNCTION("""COMPUTED_VALUE"""),"Color coure, amb notes de caramel i malta torrada, equilibrada amb el llúpol. Alc. 6,3 %.") -> Color coure, amb notes de caramel i malta torrada, equilibrada amb el llúpol. Alc. 6,3 %. | E88: =IFERROR(__xludf.DUMMYFUNCTION("""COMPUTED_VALUE"""),3.6) -> 3.6 | F88: =IFERROR(__xludf.DUMMYFUNCTION("""COMPUTED_VALUE"""),"")
A89: =IFERROR(__xludf.DUMMYFUNCTION("""COMPUTED_VALUE"""),"BC-088") -> BC-088 | B89: =IFERROR(__xludf.DUMMYFUNCTION("""COMPUTED_VALUE"""),"cerveses") -> cerveses | C89: =IFERROR(__xludf.DUMMYFUNCTION("""COMPUTED_VALUE"""),"IPA DE MUNTANYA ANDBEER") -> IPA DE MUNTANYA ANDBEER | D89: =IFERROR(__xludf.DUMMYFUNCTION("""COMPUTED_VALUE"""),"IPA aromàtica amb notes de pi i fruita tropical, cos mitjà i final amarg. Alc. 7,1 %.") -> IPA aromàtica amb notes de pi i fruita tropical, cos mitjà i final amarg. Alc. 7,1 %. | E89: =IFERROR(__xludf.DUMMYFUNCTION("""COMPUTED_VALUE"""),4.0) -> 4 | F89: =IFERROR(__xludf.DUMMYFUNCTION("""COMPUTED_VALUE"""),"")
A90: =IFERROR(__xludf.DUMMYFUNCTION("""COMPUTED_VALUE"""),"BC-089") -> BC-089 | B90: =IFERROR(__xludf.DUMMYFUNCTION("""COMPUTED_VALUE"""),"cerveses") -> cerveses | C90: =IFERROR(__xludf.DUMMYFUNCTION("""COMPUTED_VALUE"""),"CANYA") -> CANYA | D90: =IFERROR(__xludf.DUMMYFUNCTION("""COMPUTED_VALUE"""),"0,33 l") -> 0,33 l | E90: =IFERROR(__xludf.DUMMYFUNCTION("""COMPUTED_VALUE"""),3.1) -> 3.1 | F90: =IFERROR(__xludf.DUMMYFUNCTION("""COMPUTED_VALUE"""),"")
A91: =IFERROR(__xludf.DUMMYFUNCTION("""COMPUTED_VALUE"""),"BC-090") -> BC-090 | B91: =IFERROR(__xludf.DUMMYFUNCTION("""COMPUTED_VALUE"""),"cerveses") -> cerveses | C91: =IFERROR(__xludf.DUMMYFUNCTION("""COMPUTED_VALUE"""),"JARRA") -> JARRA | D91: =IFERROR(__xludf.DUMMYFUNCTION("""COMPUTED_VALUE"""),"0,5 l") -> 0,5 l | E91: =IFERROR(__xludf.DUMMYFUNCTION("""COMPUTED_VALUE"""),4.0) -> 4 | F91: =IFERROR(__xludf.DUMMYFUNCTION("""COMPUTED_VALUE"""),"")
A92: =IFERROR(__xludf.DUMMYFUNCTION("""COMPUTED_VALUE"""),"BC-SUP-001") -> BC-SUP-001 | B92: =IFERROR(__xludf.DUMMYFUNCTION("""COMPUTED_VALUE"""),"suplements") -> suplements | C92: =IFERROR(__xludf.DUMMYFUNCTION("""COMPUTED_VALUE"""),"PERNIL DOLÇ") -> PERNIL DOLÇ | D92: =IFERROR(__xludf.DUMMYFUNCTION("""COMPUTED_VALUE"""),"") | E92: =IFERROR(__xludf.DUMMYFUNCTION("""COMPUTED_VALUE"""),3.0) -> 3 | F92: =IFERROR(__xludf.DUMMYFUNCTION("""COMPUTED_VALUE"""),"")
A93: =IFERROR(__xludf.DUMMYFUNCTION("""COMPUTED_VALUE"""),"BC-SUP-002") -> BC-SUP-002 | B93: =IFERROR(__xludf.DUMMYFUNCTION("""COMPUTED_VALUE"""),"suplements") -> suplements | C93: =IFERROR(__xludf.DUMMYFUNCTION("""COMPUTED_VALUE"""),"MOZZARELLA") -> MOZZARELLA | D93: =IFERROR(__xludf.DUMMYFUNCTION("""COMPUTED_VALUE"""),"") | E93: =IFERROR(__xludf.DUMMYFUNCTION("""COMPUTED_VALUE"""),3.0) -> 3 | F93: =IFERROR(__xludf.DUMMYFUNCTION("""COMPUTED_VALUE"""),"")
A94: =IFERROR(__xludf.DUMMYFUNCTION("""COMPUTED_VALUE"""),"BC-SUP-003") -> BC-SUP-003 | B94: =IFERROR(__xludf.DUMMYFUNCTION("""COMPUTED_VALUE"""),"suplements") -> suplements | C94: =IFERROR(__xludf.DUMMYFUNCTION("""COMPUTED_VALUE"""),"ANXOVES") -> ANXOVES | D94: =IFERROR(__xludf.DUMMYFUNCTION("""COMPUTED_VALUE"""),"6 unitats") -> 6 unitats | E94: =IFERROR(__xludf.DUMMYFUNCTION("""COMPUTED_VALUE"""),4.5) -> 4.5 | F94: =IFERROR(__xludf.DUMMYFUNCTION("""COMPUTED_VALUE"""),"")
A95: =IFERROR(__xludf.DUMMYFUNCTION("""COMPUTED_VALUE"""),"BC-SUP-004") -> BC-SUP-004 | B95: =IFERROR(__xludf.DUMMYFUNCTION("""COMPUTED_VALUE"""),"suplements") -> suplements | C95: =IFERROR(__xludf.DUMMYFUNCTION("""COMPUTED_VALUE"""),"CHAMPIGNON") -> CHAMPIGNON | D95: =IFERROR(__xludf.DUMMYFUNCTION("""COMPUTED_VALUE"""),"") | E95: =IFERROR(__xludf.DUMMYFUNCTION("""COMPUTED_VALUE"""),2.25) -> 2.25 | F95: =IFERROR(__xludf.DUMMYFUNCTION("""COMPUTED_VALUE"""),"")
A96: =IFERROR(__xludf.DUMMYFUNCTION("""COMPUTED_VALUE"""),"BC-SUP-005") -> BC-SUP-005 | B96: =IFERROR(__xludf.DUMMYFUNCTION("""COMPUTED_VALUE"""),"suplements") -> suplements | C96: =IFERROR(__xludf.DUMMYFUNCTION("""COMPUTED_VALUE"""),"CARXOFA") -> CARXOFA | D96: =IFERROR(__xludf.DUMMYFUNCTION("""COMPUTED_VALUE"""),"") | E96: =IFERROR(__xludf.DUMMYFUNCTION("""COMPUTED_VALUE"""),2.25) -> 2.25 | F96: =IFERROR(__xludf.DUMMYFUNCTION("""COMPUTED_VALUE"""),"")
A97: =IFERROR(__xludf.DUMMYFUNCTION("""COMPUTED_VALUE"""),"BC-SUP-006") -> BC-SUP-006 | B97: =IFERROR(__xludf.DUMMYFUNCTION("""COMPUTED_VALUE"""),"suplements") -> suplements | C97: =IFERROR(__xludf.DUMMYFUNCTION("""COMPUTED_VALUE"""),"TONYINA") -> TONYINA | D97: =IFERROR(__xludf.DUMMYFUNCTION("""COMPUTED_VALUE"""),"") | E97: =IFERROR(__xludf.DUMMYFUNCTION("""COMPUTED_VALUE"""),3.5) -> 3.5 | F97: =IFERROR(__xludf.DUMMYFUNCTION("""COMPUTED_VALUE"""),"")
A98: =IFERROR(__xludf.DUMMYFUNCTION("""COMPUTED_VALUE"""),"BC-SUP-007") -> BC-SUP-007 | B98: =IFERROR(__xludf.DUMMYFUNCTION("""COMPUTED_VALUE"""),"suplements") -> suplements | C98: =IFERROR(__xludf.DUMMYFUNCTION("""COMPUTED_VALUE"""),"CEBA") -> CEBA | D98: =IFERROR(__xludf.DUMMYFUNCTION("""COMPUTED_VALUE"""),"") | E98: =IFERROR(__xludf.DUMMYFUNCTION("""COMPUTED_VALUE"""),1.5) -> 1.5 | F98: =IFERROR(__xludf.DUMMYFUNCTION("""COMPUTED_VALUE"""),"")
A99: =IFERROR(__xludf.DUMMYFUNCTION("""COMPUTED_VALUE"""),"BC-SUP-008") -> BC-SUP-008 | B99: =IFERROR(__xludf.DUMMYFUNCTION("""COMPUTED_VALUE"""),"suplements") -> suplements | C99: =IFERROR(__xludf.DUMMYFUNCTION("""COMPUTED_VALUE"""),"OU") -> OU | D99: =IFERROR(__xludf.DUMMYFUNCTION("""COMPUTED_VALUE"""),"") | E99: =IFERROR(__xludf.DUMMYFUNCTION("""COMPUTED_VALUE"""),1.5) -> 1.5 | F99: =IFERROR(__xludf.DUMMYFUNCTION("""COMPUTED_VALUE"""),"")
A100: =IFERROR(__xludf.DUMMYFUNCTION("""COMPUTED_VALUE"""),"BC-SUP-009") -> BC-SUP-009 | B100: =IFERROR(__xludf.DUMMYFUNCTION("""COMPUTED_VALUE"""),"suplements") -> suplements | C100: =IFERROR(__xludf.DUMMYFUNCTION("""COMPUTED_VALUE"""),"BURRATA") -> BURRATA | D100: =IFERROR(__xludf.DUMMYFUNCTION("""COMPUTED_VALUE"""),"") | E100: =IFERROR(__xludf.DUMMYFUNCTION("""COMPUTED_VALUE"""),5.75) -> 5.75 | F100: =IFERROR(__xludf.DUMMYFUNCTION("""COMPUTED_VALUE"""),"")
...

Sheet WEB
A1: ID | B1: Categoría | C1: Producto | D1: Ingredientes / detalle | E1: Precio (€) | F1: Imagen URL
A2: =IFERROR(__xludf.DUMMYFUNCTION("IFERROR(FILTER(HSTACK(MAESTRA!A2:A200,MAESTRA!C2:C200,IF(CONTROL!$B$4=""CAT"",MAESTRA!D2:D200,IF(CONTROL!$B$4=""ES"",MAESTRA!F2:F200,IF(CONTROL!$B$4=""FR"",MAESTRA!H2:H200,MAESTRA!J2:J200))),IF(CONTROL!$B$4=""CAT"",MAESTRA!E2:E200,IF(CONTROL!$B$4=""ES"",M"&"AESTRA!G2:G200,IF(CONTROL!$B$4=""FR"",MAESTRA!I2:I200,MAESTRA!K2:K200))),MAESTRA!L2:L200,MAESTRA!R2:R200),MAESTRA!A2:A200<>"""",MAESTRA!P2:P200=TRUE),"""")"),"BC-001") -> BC-001 | B2: =IFERROR(__xludf.DUMMYFUNCTION("""COMPUTED_VALUE"""),"entrants") -> entrants | C2: =IFERROR(__xludf.DUMMYFUNCTION("""COMPUTED_VALUE"""),"PA DE PIZZA") -> PA DE PIZZA | D2: =IFERROR(__xludf.DUMMYFUNCTION("""COMPUTED_VALUE"""),"Massa normal / integral") -> Massa normal / integral | E2: =IFERROR(__xludf.DUMMYFUNCTION("""COMPUTED_VALUE"""),5.0) -> 5 | F2: =IFERROR(__xludf.DUMMYFUNCTION("""COMPUTED_VALUE"""),"")
A3: =IFERROR(__xludf.DUMMYFUNCTION("""COMPUTED_VALUE"""),"BC-002") -> BC-002 | B3: =IFERROR(__xludf.DUMMYFUNCTION("""COMPUTED_VALUE"""),"entrants") -> entrants | C3: =IFERROR(__xludf.DUMMYFUNCTION("""COMPUTED_VALUE"""),"FOCACCIA") -> FOCACCIA | D3: =IFERROR(__xludf.DUMMYFUNCTION("""COMPUTED_VALUE"""),"") | E3: =IFERROR(__xludf.DUMMYFUNCTION("""COMPUTED_VALUE"""),5.0) -> 5 | F3: =IFERROR(__xludf.DUMMYFUNCTION("""COMPUTED_VALUE"""),"")
A4: =IFERROR(__xludf.DUMMYFUNCTION("""COMPUTED_VALUE"""),"BC-003") -> BC-003 | B4: =IFERROR(__xludf.DUMMYFUNCTION("""COMPUTED_VALUE"""),"entrants") -> entrants | C4: =IFERROR(__xludf.DUMMYFUNCTION("""COMPUTED_VALUE"""),"PROVOLONE") -> PROVOLONE | D4: =IFERROR(__xludf.DUMMYFUNCTION("""COMPUTED_VALUE"""),"") | E4: =IFERROR(__xludf.DUMMYFUNCTION("""COMPUTED_VALUE"""),10.0) -> 10 | F4: =IFERROR(__xludf.DUMMYFUNCTION("""COMPUTED_VALUE"""),"")
A5: =IFERROR(__xludf.DUMMYFUNCTION("""COMPUTED_VALUE"""),"BC-004") -> BC-004 | B5: =IFERROR(__xludf.DUMMYFUNCTION("""COMPUTED_VALUE"""),"entrants") -> entrants | C5: =IFERROR(__xludf.DUMMYFUNCTION("""COMPUTED_VALUE"""),"POLPETTINES D’ALBERGÍNIA") -> POLPETTINES D’ALBERGÍNIA | D5: =IFERROR(__xludf.DUMMYFUNCTION("""COMPUTED_VALUE"""),"6 unitats (cada unitat addicional +1,75 €)") -> 6 unitats (cada unitat addicional +1,75 €) | E5: =IFERROR(__xludf.DUMMYFUNCTION("""COMPUTED_VALUE"""),9.0) -> 9 | F5: =IFERROR(__xludf.DUMMYFUNCTION("""COMPUTED_VALUE"""),"")
A6: =IFERROR(__xludf.DUMMYFUNCTION("""COMPUTED_VALUE"""),"BC-005") -> BC-005 | B6: =IFERROR(__xludf.DUMMYFUNCTION("""COMPUTED_VALUE"""),"entrants") -> entrants | C6: =IFERROR(__xludf.DUMMYFUNCTION("""COMPUTED_VALUE"""),"VITELLO TONNATO") -> VITELLO TONNATO | D6: =IFERROR(__xludf.DUMMYFUNCTION("""COMPUTED_VALUE"""),"Utilitzem carn de vedell / amb salsa de tonyina") -> Utilitzem carn de vedell / amb salsa de tonyina | E6: =IFERROR(__xludf.DUMMYFUNCTION("""COMPUTED_VALUE"""),16.5) -> 16.5 | F6: =IFERROR(__xludf.DUMMYFUNCTION("""COMPUTED_VALUE"""),"")
A7: =IFERROR(__xludf.DUMMYFUNCTION("""COMPUTED_VALUE"""),"BC-006") -> BC-006 | B7: =IFERROR(__xludf.DUMMYFUNCTION("""COMPUTED_VALUE"""),"entrants") -> entrants | C7: =IFERROR(__xludf.DUMMYFUNCTION("""COMPUTED_VALUE"""),"BURRATA") -> BURRATA | D7: =IFERROR(__xludf.DUMMYFUNCTION("""COMPUTED_VALUE"""),"Amb salsa pesto o tòfona / tomàquet sec casolà / ruca / pa") -> Amb salsa pesto o tòfona / tomàquet sec casolà / ruca / pa | E7: =IFERROR(__xludf.DUMMYFUNCTION("""COMPUTED_VALUE"""),15.5) -> 15.5 | F7: =IFERROR(__xludf.DUMMYFUNCTION("""COMPUTED_VALUE"""),"")
A8: =IFERROR(__xludf.DUMMYFUNCTION("""COMPUTED_VALUE"""),"BC-007") -> BC-007 | B8: =IFERROR(__xludf.DUMMYFUNCTION("""COMPUTED_VALUE"""),"entrants") -> entrants | C8: =IFERROR(__xludf.DUMMYFUNCTION("""COMPUTED_VALUE"""),"CARPACCIO DE CARBASSÓ") -> CARPACCIO DE CARBASSÓ | D8: =IFERROR(__xludf.DUMMYFUNCTION("""COMPUTED_VALUE"""),"Amb tomàquets secs, stracciatella i pinyons") -> Amb tomàquets secs, stracciatella i pinyons | E8: =IFERROR(__xludf.DUMMYFUNCTION("""COMPUTED_VALUE"""),15.5) -> 15.5 | F8: =IFERROR(__xludf.DUMMYFUNCTION("""COMPUTED_VALUE"""),"")
A9: =IFERROR(__xludf.DUMMYFUNCTION("""COMPUTED_VALUE"""),"BC-008") -> BC-008 | B9: =IFERROR(__xludf.DUMMYFUNCTION("""COMPUTED_VALUE"""),"amanides") -> amanides | C9: =IFERROR(__xludf.DUMMYFUNCTION("""COMPUTED_VALUE"""),"BELLA CIAO") -> BELLA CIAO | D9: =IFERROR(__xludf.DUMMYFUNCTION("""COMPUTED_VALUE"""),"Albergínia / tomàquet / filadèlfia / julivert / menta / salsa de xili dolça / sèsamo") -> Albergínia / tomàquet / filadèlfia / julivert / menta / salsa de xili dolça / sèsamo | E9: =IFERROR(__xludf.DUMMYFUNCTION("""COMPUTED_VALUE"""),16.0) -> 16 | F9: =IFERROR(__xludf.DUMMYFUNCTION("""COMPUTED_VALUE"""),"")
A10: =IFERROR(__xludf.DUMMYFUNCTION("""COMPUTED_VALUE"""),"BC-009") -> BC-009 | B10: =IFERROR(__xludf.DUMMYFUNCTION("""COMPUTED_VALUE"""),"amanides") -> amanides | C10: =IFERROR(__xludf.DUMMYFUNCTION("""COMPUTED_VALUE"""),"BUFALATA") -> BUFALATA | D10: =IFERROR(__xludf.DUMMYFUNCTION("""COMPUTED_VALUE"""),"Mesclum / burrata / bresaola / nous / olives") -> Mesclum / burrata / bresaola / nous / olives | E10: =IFERROR(__xludf.DUMMYFUNCTION("""COMPUTED_VALUE"""),16.0) -> 16 | F10: =IFERROR(__xludf.DUMMYFUNCTION("""COMPUTED_VALUE"""),"")
A11: =IFERROR(__xludf.DUMMYFUNCTION("""COMPUTED_VALUE"""),"BC-010") -> BC-010 | B11: =IFERROR(__xludf.DUMMYFUNCTION("""COMPUTED_VALUE"""),"amanides") -> amanides | C11: =IFERROR(__xludf.DUMMYFUNCTION("""COMPUTED_VALUE"""),"CÈSAR") -> CÈSAR | D11: =IFERROR(__xludf.DUMMYFUNCTION("""COMPUTED_VALUE"""),"Enciam / pollastre / crostons / cherry / parmesà / salsa cèsar") -> Enciam / pollastre / crostons / cherry / parmesà / salsa cèsar | E11: =IFERROR(__xludf.DUMMYFUNCTION("""COMPUTED_VALUE"""),16.0) -> 16 | F11: =IFERROR(__xludf.DUMMYFUNCTION("""COMPUTED_VALUE"""),"")
A12: =IFERROR(__xludf.DUMMYFUNCTION("""COMPUTED_VALUE"""),"BC-011") -> BC-011 | B12: =IFERROR(__xludf.DUMMYFUNCTION("""COMPUTED_VALUE"""),"amanides") -> amanides | C12: =IFERROR(__xludf.DUMMYFUNCTION("""COMPUTED_VALUE"""),"CABRA") -> CABRA | D12: =IFERROR(__xludf.DUMMYFUNCTION("""COMPUTED_VALUE"""),"Mesclum / cherry / escalivada / albergínia, pebre, ceba / nous / cabra / balsàmic") -> Mesclum / cherry / escalivada / albergínia, pebre, ceba / nous / cabra / balsàmic | E12: =IFERROR(__xludf.DUMMYFUNCTION("""COMPUTED_VALUE"""),16.0) -> 16 | F12: =IFERROR(__xludf.DUMMYFUNCTION("""COMPUTED_VALUE"""),"")
A13: =IFERROR(__xludf.DUMMYFUNCTION("""COMPUTED_VALUE"""),"BC-012") -> BC-012 | B13: =IFERROR(__xludf.DUMMYFUNCTION("""COMPUTED_VALUE"""),"amanides") -> amanides | C13: =IFERROR(__xludf.DUMMYFUNCTION("""COMPUTED_VALUE"""),"LUNA CAPRESE") -> LUNA CAPRESE | D13: =IFERROR(__xludf.DUMMYFUNCTION("""COMPUTED_VALUE"""),"Tomàquet / mozzarella / salsa pesto / ruca / salsa mòdena") -> Tomàquet / mozzarella / salsa pesto / ruca / salsa mòdena | E13: =IFERROR(__xludf.DUMMYFUNCTION("""COMPUTED_VALUE"""),15.5) -> 15.5 | F13: =IFERROR(__xludf.DUMMYFUNCTION("""COMPUTED_VALUE"""),"")
A14: =IFERROR(__xludf.DUMMYFUNCTION("""COMPUTED_VALUE"""),"BC-013") -> BC-013 | B14: =IFERROR(__xludf.DUMMYFUNCTION("""COMPUTED_VALUE"""),"sopes") -> sopes | C14: =IFERROR(__xludf.DUMMYFUNCTION("""COMPUTED_VALUE"""),"SOPA DE LLENTIES") -> SOPA DE LLENTIES | D14: =IFERROR(__xludf.DUMMYFUNCTION("""COMPUTED_VALUE"""),"") | E14: =IFERROR(__xludf.DUMMYFUNCTION("""COMPUTED_VALUE"""),6.0) -> 6 | F14: =IFERROR(__xludf.DUMMYFUNCTION("""COMPUTED_VALUE"""),"")
A15: =IFERROR(__xludf.DUMMYFUNCTION("""COMPUTED_VALUE"""),"BC-014") -> BC-014 | B15: =IFERROR(__xludf.DUMMYFUNCTION("""COMPUTED_VALUE"""),"sopes") -> sopes | C15: =IFERROR(__xludf.DUMMYFUNCTION("""COMPUTED_VALUE"""),"SOPA DE BROCOLI") -> SOPA DE BROCOLI | D15: =IFERROR(__xludf.DUMMYFUNCTION("""COMPUTED_VALUE"""),"") | E15: =IFERROR(__xludf.DUMMYFUNCTION("""COMPUTED_VALUE"""),6.0) -> 6 | F15: =IFERROR(__xludf.DUMMYFUNCTION("""COMPUTED_VALUE"""),"")
A16: =IFERROR(__xludf.DUMMYFUNCTION("""COMPUTED_VALUE"""),"BC-015") -> BC-015 | B16: =IFERROR(__xludf.DUMMYFUNCTION("""COMPUTED_VALUE"""),"carn") -> carn | C16: =IFERROR(__xludf.DUMMYFUNCTION("""COMPUTED_VALUE"""),"CARPACCIO DE BOU") -> CARPACCIO DE BOU | D16: =IFERROR(__xludf.DUMMYFUNCTION("""COMPUTED_VALUE"""),"") | E16: =IFERROR(__xludf.DUMMYFUNCTION("""COMPUTED_VALUE"""),15.0) -> 15 | F16: =IFERROR(__xludf.DUMMYFUNCTION("""COMPUTED_VALUE"""),"")
A17: =IFERROR(__xludf.DUMMYFUNCTION("""COMPUTED_VALUE"""),"BC-016") -> BC-016 | B17: =IFERROR(__xludf.DUMMYFUNCTION("""COMPUTED_VALUE"""),"carn") -> carn | C17: =IFERROR(__xludf.DUMMYFUNCTION("""COMPUTED_VALUE"""),"ENTRECOT DE BOU") -> ENTRECOT DE BOU | D17: =IFERROR(__xludf.DUMMYFUNCTION("""COMPUTED_VALUE"""),"") | E17: =IFERROR(__xludf.DUMMYFUNCTION("""COMPUTED_VALUE"""),8.5) -> 8.5 | F17: =IFERROR(__xludf.DUMMYFUNCTION("""COMPUTED_VALUE"""),"")
A18: =IFERROR(__xludf.DUMMYFUNCTION("""COMPUTED_VALUE"""),"BC-017") -> BC-017 | B18: =IFERROR(__xludf.DUMMYFUNCTION("""COMPUTED_VALUE"""),"carn") -> carn | C18: =IFERROR(__xludf.DUMMYFUNCTION("""COMPUTED_VALUE"""),"EMBOTITS ITALIANS") -> EMBOTITS ITALIANS | D18: =IFERROR(__xludf.DUMMYFUNCTION("""COMPUTED_VALUE"""),"Bresaola / salami / mortadel·la de tòfona / mortadel·la de pistatxos / la piatta piccante") -> Bresaola / salami / mortadel·la de tòfona / mortadel·la de pistatxos / la piatta piccante | E18: =IFERROR(__xludf.DUMMYFUNCTION("""COMPUTED_VALUE"""),22.5) -> 22.5 | F18: =IFERROR(__xludf.DUMMYFUNCTION("""COMPUTED_VALUE"""),"")
A19: =IFERROR(__xludf.DUMMYFUNCTION("""COMPUTED_VALUE"""),"BC-018") -> BC-018 | B19: =IFERROR(__xludf.DUMMYFUNCTION("""COMPUTED_VALUE"""),"pasta") -> pasta | C19: =IFERROR(__xludf.DUMMYFUNCTION("""COMPUTED_VALUE"""),"BIGOLI ALLA NAPOLITANA") -> BIGOLI ALLA NAPOLITANA | D19: =IFERROR(__xludf.DUMMYFUNCTION("""COMPUTED_VALUE"""),"Pasta amb tomàquets") -> Pasta amb tomàquets | E19: =IFERROR(__xludf.DUMMYFUNCTION("""COMPUTED_VALUE"""),9.5) -> 9.5 | F19: =IFERROR(__xludf.DUMMYFUNCTION("""COMPUTED_VALUE"""),"")
A20: =IFERROR(__xludf.DUMMYFUNCTION("""COMPUTED_VALUE"""),"BC-019") -> BC-019 | B20: =IFERROR(__xludf.DUMMYFUNCTION("""COMPUTED_VALUE"""),"pasta") -> pasta | C20: =IFERROR(__xludf.DUMMYFUNCTION("""COMPUTED_VALUE"""),"TAGLIATELLE TARTUFATA") -> TAGLIATELLE TARTUFATA | D20: =IFERROR(__xludf.DUMMYFUNCTION("""COMPUTED_VALUE"""),"Amb crema de tòfona") -> Amb crema de tòfona | E20: =IFERROR(__xludf.DUMMYFUNCTION("""COMPUTED_VALUE"""),14.0) -> 14 | F20: =IFERROR(__xludf.DUMMYFUNCTION("""COMPUTED_VALUE"""),"")
A21: =IFERROR(__xludf.DUMMYFUNCTION("""COMPUTED_VALUE"""),"BC-020") -> BC-020 | B21: =IFERROR(__xludf.DUMMYFUNCTION("""COMPUTED_VALUE"""),"pasta") -> pasta | C21: =IFERROR(__xludf.DUMMYFUNCTION("""COMPUTED_VALUE"""),"GARGANELLI ALL’ARRABBIATA") -> GARGANELLI ALL’ARRABBIATA | D21: =IFERROR(__xludf.DUMMYFUNCTION("""COMPUTED_VALUE"""),"Salsa picant tradicional casolana") -> Salsa picant tradicional casolana | E21: =IFERROR(__xludf.DUMMYFUNCTION("""COMPUTED_VALUE"""),14.0) -> 14 | F21: =IFERROR(__xludf.DUMMYFUNCTION("""COMPUTED_VALUE"""),"")
A22: =IFERROR(__xludf.DUMMYFUNCTION("""COMPUTED_VALUE"""),"BC-021") -> BC-021 | B22: =IFERROR(__xludf.DUMMYFUNCTION("""COMPUTED_VALUE"""),"pasta") -> pasta | C22: =IFERROR(__xludf.DUMMYFUNCTION("""COMPUTED_VALUE"""),"SPAGHETTI RAGÚ ALLA BOLOGNESE") -> SPAGHETTI RAGÚ ALLA BOLOGNESE | D22: =IFERROR(__xludf.DUMMYFUNCTION("""COMPUTED_VALUE"""),"Salsa casolana de carn d'Andorra") -> Salsa casolana de carn d'Andorra | E22: =IFERROR(__xludf.DUMMYFUNCTION("""COMPUTED_VALUE"""),15.5) -> 15.5 | F22: =IFERROR(__xludf.DUMMYFUNCTION("""COMPUTED_VALUE"""),"")
A23: =IFERROR(__xludf.DUMMYFUNCTION("""COMPUTED_VALUE"""),"BC-022") -> BC-022 | B23: =IFERROR(__xludf.DUMMYFUNCTION("""COMPUTED_VALUE"""),"pasta") -> pasta | C23: =IFERROR(__xludf.DUMMYFUNCTION("""COMPUTED_VALUE"""),"TAGLIATELLE 4 FORMATGES") -> TAGLIATELLE 4 FORMATGES | D23: =IFERROR(__xludf.DUMMYFUNCTION("""COMPUTED_VALUE"""),"Mozzarella / cabra / emmental / gorgonzola") -> Mozzarella / cabra / emmental / gorgonzola | E23: =IFERROR(__xludf.DUMMYFUNCTION("""COMPUTED_VALUE"""),15.5) -> 15.5 | F23: =IFERROR(__xludf.DUMMYFUNCTION("""COMPUTED_VALUE"""),"")
A24: =IFERROR(__xludf.DUMMYFUNCTION("""COMPUTED_VALUE"""),"BC-023") -> BC-023 | B24: =IFERROR(__xludf.DUMMYFUNCTION("""COMPUTED_VALUE"""),"pasta") -> pasta | C24: =IFERROR(__xludf.DUMMYFUNCTION("""COMPUTED_VALUE"""),"LINGUINE D’ALL I ALFÀBREGA AMB PESTO") -> LINGUINE D’ALL I ALFÀBREGA AMB PESTO | D24: =IFERROR(__xludf.DUMMYFUNCTION("""COMPUTED_VALUE"""),"Salsa casolana d’alfàbrega de quilòmetre 0") -> Salsa casolana d’alfàbrega de quilòmetre 0 | E24: =IFERROR(__xludf.DUMMYFUNCTION("""COMPUTED_VALUE"""),15.5) -> 15.5 | F24: =IFERROR(__xludf.DUMMYFUNCTION("""COMPUTED_VALUE"""),"")
A25: =IFERROR(__xludf.DUMMYFUNCTION("""COMPUTED_VALUE"""),"BC-024") -> BC-024 | B25: =IFERROR(__xludf.DUMMYFUNCTION("""COMPUTED_VALUE"""),"pasta") -> pasta | C25: =IFERROR(__xludf.DUMMYFUNCTION("""COMPUTED_VALUE"""),"BIGOLI ALLA CARBONARA") -> BIGOLI ALLA CARBONARA | D25: =IFERROR(__xludf.DUMMYFUNCTION("""COMPUTED_VALUE"""),"Recepta tradicional amb ous i guanciale") -> Recepta tradicional amb ous i guanciale | E25: =IFERROR(__xludf.DUMMYFUNCTION("""COMPUTED_VALUE"""),17.0) -> 17 | F25: =IFERROR(__xludf.DUMMYFUNCTION("""COMPUTED_VALUE"""),"")
A26: =IFERROR(__xludf.DUMMYFUNCTION("""COMPUTED_VALUE"""),"BC-025") -> BC-025 | B26: =IFERROR(__xludf.DUMMYFUNCTION("""COMPUTED_VALUE"""),"pasta") -> pasta | C26: =IFERROR(__xludf.DUMMYFUNCTION("""COMPUTED_VALUE"""),"SPAGHETTI NERI FRUTTI DI MARE") -> SPAGHETTI NERI FRUTTI DI MARE | D26: =IFERROR(__xludf.DUMMYFUNCTION("""COMPUTED_VALUE"""),"Salsa de tomàquets cherry / gambes / cloïsses / musclos") -> Salsa de tomàquets cherry / gambes / cloïsses / musclos | E26: =IFERROR(__xludf.DUMMYFUNCTION("""COMPUTED_VALUE"""),22.0) -> 22 | F26: =IFERROR(__xludf.DUMMYFUNCTION("""COMPUTED_VALUE"""),"")
A27: =IFERROR(__xludf.DUMMYFUNCTION("""COMPUTED_VALUE"""),"BC-026") -> BC-026 | B27: =IFERROR(__xludf.DUMMYFUNCTION("""COMPUTED_VALUE"""),"pasta_farcida") -> pasta_farcida | C27: =IFERROR(__xludf.DUMMYFUNCTION("""COMPUTED_VALUE"""),"RAVIOLIS DE BOLETS") -> RAVIOLIS DE BOLETS | D27: =IFERROR(__xludf.DUMMYFUNCTION("""COMPUTED_VALUE"""),"Servit amb salsa casolana de pesto") -> Servit amb salsa casolana de pesto | E27: =IFERROR(__xludf.DUMMYFUNCTION("""COMPUTED_VALUE"""),17.5) -> 17.5 | F27: =IFERROR(__xludf.DUMMYFUNCTION("""COMPUTED_VALUE"""),"")
A28: =IFERROR(__xludf.DUMMYFUNCTION("""COMPUTED_VALUE"""),"BC-027") -> BC-027 | B28: =IFERROR(__xludf.DUMMYFUNCTION("""COMPUTED_VALUE"""),"pasta_farcida") -> pasta_farcida | C28: =IFERROR(__xludf.DUMMYFUNCTION("""COMPUTED_VALUE"""),"FIOCCHI AMB PERA I RICOTTA") -> FIOCCHI AMB PERA I RICOTTA | D28: =IFERROR(__xludf.DUMMYFUNCTION("""COMPUTED_VALUE"""),"Servit amb crema de carbassa casolana") -> Servit amb crema de carbassa casolana | E28: =IFERROR(__xludf.DUMMYFUNCTION("""COMPUTED_VALUE"""),17.0) -> 17 | F28: =IFERROR(__xludf.DUMMYFUNCTION("""COMPUTED_VALUE"""),"")
A29: =IFERROR(__xludf.DUMMYFUNCTION("""COMPUTED_VALUE"""),"BC-028") -> BC-028 | B29: =IFERROR(__xludf.DUMMYFUNCTION("""COMPUTED_VALUE"""),"pasta_farcida") -> pasta_farcida | C29: =IFERROR(__xludf.DUMMYFUNCTION("""COMPUTED_VALUE"""),"CANELONS DE CARN") -> CANELONS DE CARN | D29: =IFERROR(__xludf.DUMMYFUNCTION("""COMPUTED_VALUE"""),"Canelons fets per nosaltres servits amb salsa boloñesa casolana") -> Canelons fets per nosaltres servits amb salsa boloñesa casolana | E29: =IFERROR(__xludf.DUMMYFUNCTION("""COMPUTED_VALUE"""),13.5) -> 13.5 | F29: =IFERROR(__xludf.DUMMYFUNCTION("""COMPUTED_VALUE"""),"")
A30: =IFERROR(__xludf.DUMMYFUNCTION("""COMPUTED_VALUE"""),"BC-029") -> BC-029 | B30: =IFERROR(__xludf.DUMMYFUNCTION("""COMPUTED_VALUE"""),"pasta_farcida") -> pasta_farcida | C30: =IFERROR(__xludf.DUMMYFUNCTION("""COMPUTED_VALUE"""),"NYOQUIS") -> NYOQUIS | D30: =IFERROR(__xludf.DUMMYFUNCTION("""COMPUTED_VALUE"""),"Crema de tomàquet fresc i stracciatella") -> Crema de tomàquet fresc i stracciatella | E30: =IFERROR(__xludf.DUMMYFUNCTION("""COMPUTED_VALUE"""),16.0) -> 16 | F30: =IFERROR(__xludf.DUMMYFUNCTION("""COMPUTED_VALUE"""),"")
A31: =IFERROR(__xludf.DUMMYFUNCTION("""COMPUTED_VALUE"""),"BC-030") -> BC-030 | B31: =IFERROR(__xludf.DUMMYFUNCTION("""COMPUTED_VALUE"""),"pasta_farcida") -> pasta_farcida | C31: =IFERROR(__xludf.DUMMYFUNCTION("""COMPUTED_VALUE"""),"LASANYA BOLONYESA") -> LASANYA BOLONYESA | D31: =IFERROR(__xludf.DUMMYFUNCTION("""COMPUTED_VALUE"""),"Feta per nosaltres / salsa bolonyesa casolana") -> Feta per nosaltres / salsa bolonyesa casolana | E31: =IFERROR(__xludf.DUMMYFUNCTION("""COMPUTED_VALUE"""),15.5) -> 15.5 | F31: =IFERROR(__xludf.DUMMYFUNCTION("""COMPUTED_VALUE"""),"")
A32: =IFERROR(__xludf.DUMMYFUNCTION("""COMPUTED_VALUE"""),"BC-031") -> BC-031 | B32: =IFERROR(__xludf.DUMMYFUNCTION("""COMPUTED_VALUE"""),"pasta_farcida") -> pasta_farcida | C32: =IFERROR(__xludf.DUMMYFUNCTION("""COMPUTED_VALUE"""),"RISOTTO DE BOLETS") -> RISOTTO DE BOLETS | D32: =IFERROR(__xludf.DUMMYFUNCTION("""COMPUTED_VALUE"""),"Amb crema de tòfona") -> Amb crema de tòfona | E32: =IFERROR(__xludf.DUMMYFUNCTION("""COMPUTED_VALUE"""),19.0) -> 19 | F32: =IFERROR(__xludf.DUMMYFUNCTION("""COMPUTED_VALUE"""),"")
A33: =IFERROR(__xludf.DUMMYFUNCTION("""COMPUTED_VALUE"""),"BC-032") -> BC-032 | B33: =IFERROR(__xludf.DUMMYFUNCTION("""COMPUTED_VALUE"""),"pizzes") -> pizzes | C33: =IFERROR(__xludf.DUMMYFUNCTION("""COMPUTED_VALUE"""),"MARGARITA") -> MARGARITA | D33: =IFERROR(__xludf.DUMMYFUNCTION("""COMPUTED_VALUE"""),"Tomàquet / mozzarella") -> Tomàquet / mozzarella | E33: =IFERROR(__xludf.DUMMYFUNCTION("""COMPUTED_VALUE"""),12.0) -> 12 | F33: =IFERROR(__xludf.DUMMYFUNCTION("""COMPUTED_VALUE"""),"")
A34: =IFERROR(__xludf.DUMMYFUNCTION("""COMPUTED_VALUE"""),"BC-033") -> BC-033 | B34: =IFERROR(__xludf.DUMMYFUNCTION("""COMPUTED_VALUE"""),"pizzes") -> pizzes | C34: =IFERROR(__xludf.DUMMYFUNCTION("""COMPUTED_VALUE"""),"PROSCIUTO") -> PROSCIUTO | D34: =IFERROR(__xludf.DUMMYFUNCTION("""COMPUTED_VALUE"""),"Tomàquet / mozzarella / pernil dolç") -> Tomàquet / mozzarella / pernil dolç | E34: =IFERROR(__xludf.DUMMYFUNCTION("""COMPUTED_VALUE"""),14.5) -> 14.5 | F34: =IFERROR(__xludf.DUMMYFUNCTION("""COMPUTED_VALUE"""),"")
A35: =IFERROR(__xludf.DUMMYFUNCTION("""COMPUTED_VALUE"""),"BC-034") -> BC-034 | B35: =IFERROR(__xludf.DUMMYFUNCTION("""COMPUTED_VALUE"""),"pizzes") -> pizzes | C35: =IFERROR(__xludf.DUMMYFUNCTION("""COMPUTED_VALUE"""),"REGINA") -> REGINA | D35: =IFERROR(__xludf.DUMMYFUNCTION("""COMPUTED_VALUE"""),"Tomàquet / mozzarella / pernil dolç / xampinyons") -> Tomàquet / mozzarella / pernil dolç / xampinyons | E35: =IFERROR(__xludf.DUMMYFUNCTION("""COMPUTED_VALUE"""),15.0) -> 15 | F35: =IFERROR(__xludf.DUMMYFUNCTION("""COMPUTED_VALUE"""),"")
A36: =IFERROR(__xludf.DUMMYFUNCTION("""COMPUTED_VALUE"""),"BC-035") -> BC-035 | B36: =IFERROR(__xludf.DUMMYFUNCTION("""COMPUTED_VALUE"""),"pizzes") -> pizzes | C36: =IFERROR(__xludf.DUMMYFUNCTION("""COMPUTED_VALUE"""),"CALZONE") -> CALZONE | D36: =IFERROR(__xludf.DUMMYFUNCTION("""COMPUTED_VALUE"""),"Tomàquet / mozzarella / pernil dolç / ou") -> Tomàquet / mozzarella / pernil dolç / ou | E36: =IFERROR(__xludf.DUMMYFUNCTION("""COMPUTED_VALUE"""),17.0) -> 17 | F36: =IFERROR(__xludf.DUMMYFUNCTION("""COMPUTED_VALUE"""),"")
A37: =IFERROR(__xludf.DUMMYFUNCTION("""COMPUTED_VALUE"""),"BC-036") -> BC-036 | B37: =IFERROR(__xludf.DUMMYFUNCTION("""COMPUTED_VALUE"""),"pizzes") -> pizzes | C37: =IFERROR(__xludf.DUMMYFUNCTION("""COMPUTED_VALUE"""),"PEPPERONI") -> PEPPERONI | D37: =IFERROR(__xludf.DUMMYFUNCTION("""COMPUTED_VALUE"""),"Tomàquet / mozzarella / pepperoni / bitxo verd") -> Tomàquet / mozzarella / pepperoni / bitxo verd | E37: =IFERROR(__xludf.DUMMYFUNCTION("""COMPUTED_VALUE"""),15.5) -> 15.5 | F37: =IFERROR(__xludf.DUMMYFUNCTION("""COMPUTED_VALUE"""),"")
A38: =IFERROR(__xludf.DUMMYFUNCTION("""COMPUTED_VALUE"""),"BC-037") -> BC-037 | B38: =IFERROR(__xludf.DUMMYFUNCTION("""COMPUTED_VALUE"""),"pizzes") -> pizzes | C38: =IFERROR(__xludf.DUMMYFUNCTION("""COMPUTED_VALUE"""),"CAPRESE") -> CAPRESE | D38: =IFERROR(__xludf.DUMMYFUNCTION("""COMPUTED_VALUE"""),"Tomàquet / mozzarella fresca / tomàquet sec casolà / alfàbrega") -> Tomàquet / mozzarella fresca / tomàquet sec casolà / alfàbrega | E38: =IFERROR(__xludf.DUMMYFUNCTION("""COMPUTED_VALUE"""),15.5) -> 15.5 | F38: =IFERROR(__xludf.DUMMYFUNCTION("""COMPUTED_VALUE"""),"")
A39: =IFERROR(__xludf.DUMMYFUNCTION("""COMPUTED_VALUE"""),"BC-038") -> BC-038 | B39: =IFERROR(__xludf.DUMMYFUNCTION("""COMPUTED_VALUE"""),"pizzes") -> pizzes | C39: =IFERROR(__xludf.DUMMYFUNCTION("""COMPUTED_VALUE"""),"GAMBES") -> GAMBES | D39: =IFERROR(__xludf.DUMMYFUNCTION("""COMPUTED_VALUE"""),"Tomàquet / mozzarella / gambes / all-julivert / oli") -> Tomàquet / mozzarella / gambes / all-julivert / oli | E39: =IFERROR(__xludf.DUMMYFUNCTION("""COMPUTED_VALUE"""),18.0) -> 18 | F39: =IFERROR(__xludf.DUMMYFUNCTION("""COMPUTED_VALUE"""),"")
A40: =IFERROR(__xludf.DUMMYFUNCTION("""COMPUTED_VALUE"""),"BC-039") -> BC-039 | B40: =IFERROR(__xludf.DUMMYFUNCTION("""COMPUTED_VALUE"""),"pizzes") -> pizzes | C40: =IFERROR(__xludf.DUMMYFUNCTION("""COMPUTED_VALUE"""),"IBÉRICA") -> IBÉRICA | D40: =IFERROR(__xludf.DUMMYFUNCTION("""COMPUTED_VALUE"""),"Tomàquet / mozzarella / pernil ibèric / parmesà / ruca") -> Tomàquet / mozzarella / pernil ibèric / parmesà / ruca | E40: =IFERROR(__xludf.DUMMYFUNCTION("""COMPUTED_VALUE"""),18.5) -> 18.5 | F40: =IFERROR(__xludf.DUMMYFUNCTION("""COMPUTED_VALUE"""),"")
A41: =IFERROR(__xludf.DUMMYFUNCTION("""COMPUTED_VALUE"""),"BC-040") -> BC-040 | B41: =IFERROR(__xludf.DUMMYFUNCTION("""COMPUTED_VALUE"""),"pizzes") -> pizzes | C41: =IFERROR(__xludf.DUMMYFUNCTION("""COMPUTED_VALUE"""),"4 ESTACIONS") -> 4 ESTACIONS | D41: =IFERROR(__xludf.DUMMYFUNCTION("""COMPUTED_VALUE"""),"Tomàquet / mozzarella / pernil dolç / xampinyons / carxofes / olives") -> Tomàquet / mozzarella / pernil dolç / xampinyons / carxofes / olives | E41: =IFERROR(__xludf.DUMMYFUNCTION("""COMPUTED_VALUE"""),16.0) -> 16 | F41: =IFERROR(__xludf.DUMMYFUNCTION("""COMPUTED_VALUE"""),"")
A42: =IFERROR(__xludf.DUMMYFUNCTION("""COMPUTED_VALUE"""),"BC-041") -> BC-041 | B42: =IFERROR(__xludf.DUMMYFUNCTION("""COMPUTED_VALUE"""),"pizzes") -> pizzes | C42: =IFERROR(__xludf.DUMMYFUNCTION("""COMPUTED_VALUE"""),"BELLA CIAO") -> BELLA CIAO | D42: =IFERROR(__xludf.DUMMYFUNCTION("""COMPUTED_VALUE"""),"Tomàquet / mozzarella / bologna / burrata / vinagreta de pistatxo") -> Tomàquet / mozzarella / bologna / burrata / vinagreta de pistatxo | E42: =IFERROR(__xludf.DUMMYFUNCTION("""COMPUTED_VALUE"""),17.5) -> 17.5 | F42: =IFERROR(__xludf.DUMMYFUNCTION("""COMPUTED_VALUE"""),"")
A43: =IFERROR(__xludf.DUMMYFUNCTION("""COMPUTED_VALUE"""),"BC-042") -> BC-042 | B43: =IFERROR(__xludf.DUMMYFUNCTION("""COMPUTED_VALUE"""),"pizzes") -> pizzes | C43: =IFERROR(__xludf.DUMMYFUNCTION("""COMPUTED_VALUE"""),"ITALIANA") -> ITALIANA | D43: =IFERROR(__xludf.DUMMYFUNCTION("""COMPUTED_VALUE"""),"Tomàquet / ruca / mozzarella / cherry / burrata / salsa pesto") -> Tomàquet / ruca / mozzarella / cherry / burrata / salsa pesto | E43: =IFERROR(__xludf.DUMMYFUNCTION("""COMPUTED_VALUE"""),18.0) -> 18 | F43: =IFERROR(__xludf.DUMMYFUNCTION("""COMPUTED_VALUE"""),"")
A44: =IFERROR(__xludf.DUMMYFUNCTION("""COMPUTED_VALUE"""),"BC-043") -> BC-043 | B44: =IFERROR(__xludf.DUMMYFUNCTION("""COMPUTED_VALUE"""),"pizzes") -> pizzes | C44: =IFERROR(__xludf.DUMMYFUNCTION("""COMPUTED_VALUE"""),"VEGETARIANA") -> VEGETARIANA | D44: =IFERROR(__xludf.DUMMYFUNCTION("""COMPUTED_VALUE"""),"Tomàquet / mozzarella / pebrot / carxofes / xampinyons / ceba") -> Tomàquet / mozzarella / pebrot / carxofes / xampinyons / ceba | E44: =IFERROR(__xludf.DUMMYFUNCTION("""COMPUTED_VALUE"""),16.5) -> 16.5 | F44: =IFERROR(__xludf.DUMMYFUNCTION("""COMPUTED_VALUE"""),"")
A45: =IFERROR(__xludf.DUMMYFUNCTION("""COMPUTED_VALUE"""),"BC-044") -> BC-044 | B45: =IFERROR(__xludf.DUMMYFUNCTION("""COMPUTED_VALUE"""),"pizzes_blanques") -> pizzes_blanques | C45: =IFERROR(__xludf.DUMMYFUNCTION("""COMPUTED_VALUE"""),"TARTUFATA") -> TARTUFATA | D45: =IFERROR(__xludf.DUMMYFUNCTION("""COMPUTED_VALUE"""),"Mozzarella / crema de tòfona / romaní / parmesà") -> Mozzarella / crema de tòfona / romaní / parmesà | E45: =IFERROR(__xludf.DUMMYFUNCTION("""COMPUTED_VALUE"""),15.5) -> 15.5 | F45: =IFERROR(__xludf.DUMMYFUNCTION("""COMPUTED_VALUE"""),"")
A46: =IFERROR(__xludf.DUMMYFUNCTION("""COMPUTED_VALUE"""),"BC-045") -> BC-045 | B46: =IFERROR(__xludf.DUMMYFUNCTION("""COMPUTED_VALUE"""),"pizzes_blanques") -> pizzes_blanques | C46: =IFERROR(__xludf.DUMMYFUNCTION("""COMPUTED_VALUE"""),"5 FORMATGES") -> 5 FORMATGES | D46: =IFERROR(__xludf.DUMMYFUNCTION("""COMPUTED_VALUE"""),"Mozzarella / cabra / emmental / roquefort / parmesà") -> Mozzarella / cabra / emmental / roquefort / parmesà | E46: =IFERROR(__xludf.DUMMYFUNCTION("""COMPUTED_VALUE"""),16.5) -> 16.5 | F46: =IFERROR(__xludf.DUMMYFUNCTION("""COMPUTED_VALUE"""),"")
A47: =IFERROR(__xludf.DUMMYFUNCTION("""COMPUTED_VALUE"""),"BC-046") -> BC-046 | B47: =IFERROR(__xludf.DUMMYFUNCTION("""COMPUTED_VALUE"""),"pizzes_blanques") -> pizzes_blanques | C47: =IFERROR(__xludf.DUMMYFUNCTION("""COMPUTED_VALUE"""),"FOCACCIA TONNO") -> FOCACCIA TONNO | D47: =IFERROR(__xludf.DUMMYFUNCTION("""COMPUTED_VALUE"""),"Mozzarella / maionesa / tonyina / tomàquet / ceba / ruca") -> Mozzarella / maionesa / tonyina / tomàquet / ceba / ruca | E47: =IFERROR(__xludf.DUMMYFUNCTION("""COMPUTED_VALUE"""),18.0) -> 18 | F47: =IFERROR(__xludf.DUMMYFUNCTION("""COMPUTED_VALUE"""),"")
A48: =IFERROR(__xludf.DUMMYFUNCTION("""COMPUTED_VALUE"""),"BC-047") -> BC-047 | B48: =IFERROR(__xludf.DUMMYFUNCTION("""COMPUTED_VALUE"""),"pizzes_blanques") -> pizzes_blanques | C48: =IFERROR(__xludf.DUMMYFUNCTION("""COMPUTED_VALUE"""),"CARBONARA") -> CARBONARA | D48: =IFERROR(__xludf.DUMMYFUNCTION("""COMPUTED_VALUE"""),"Mozzarella / nata / guanciale / ceba / ou / parmesà") -> Mozzarella / nata / guanciale / ceba / ou / parmesà | E48: =IFERROR(__xludf.DUMMYFUNCTION("""COMPUTED_VALUE"""),16.0) -> 16 | F48: =IFERROR(__xludf.DUMMYFUNCTION("""COMPUTED_VALUE"""),"")
A49: =IFERROR(__xludf.DUMMYFUNCTION("""COMPUTED_VALUE"""),"BC-048") -> BC-048 | B49: =IFERROR(__xludf.DUMMYFUNCTION("""COMPUTED_VALUE"""),"postres") -> postres | C49: =IFERROR(__xludf.DUMMYFUNCTION("""COMPUTED_VALUE"""),"TIRAMISÚ CLÀSSIC") -> TIRAMISÚ CLÀSSIC | D49: =IFERROR(__xludf.DUMMYFUNCTION("""COMPUTED_VALUE"""),"") | E49: =IFERROR(__xludf.DUMMYFUNCTION("""COMPUTED_VALUE"""),7.0) -> 7 | F49: =IFERROR(__xludf.DUMMYFUNCTION("""COMPUTED_VALUE"""),"")
A50: =IFERROR(__xludf.DUMMYFUNCTION("""COMPUTED_VALUE"""),"BC-049") -> BC-049 | B50: =IFERROR(__xludf.DUMMYFUNCTION("""COMPUTED_VALUE"""),"postres") -> postres | C50: =IFERROR(__xludf.DUMMYFUNCTION("""COMPUTED_VALUE"""),"TIRAMISÚ DE FESTUCS") -> TIRAMISÚ DE FESTUCS | D50: =IFERROR(__xludf.DUMMYFUNCTION("""COMPUTED_VALUE"""),"") | E50: =IFERROR(__xludf.DUMMYFUNCTION("""COMPUTED_VALUE"""),8.0) -> 8 | F50: =IFERROR(__xludf.DUMMYFUNCTION("""COMPUTED_VALUE"""),"")
A51: =IFERROR(__xludf.DUMMYFUNCTION("""COMPUTED_VALUE"""),"BC-050") -> BC-050 | B51: =IFERROR(__xludf.DUMMYFUNCTION("""COMPUTED_VALUE"""),"postres") -> postres | C51: =IFERROR(__xludf.DUMMYFUNCTION("""COMPUTED_VALUE"""),"GELAT ARTESANAL") -> GELAT ARTESANAL | D51: =IFERROR(__xludf.DUMMYFUNCTION("""COMPUTED_VALUE"""),"") | E51: =IFERROR(__xludf.DUMMYFUNCTION("""COMPUTED_VALUE"""),5.0) -> 5 | F51: =IFERROR(__xludf.DUMMYFUNCTION("""COMPUTED_VALUE"""),"")
A52: =IFERROR(__xludf.DUMMYFUNCTION("""COMPUTED_VALUE"""),"BC-051") -> BC-051 | B52: =IFERROR(__xludf.DUMMYFUNCTION("""COMPUTED_VALUE"""),"postres") -> postres | C52: =IFERROR(__xludf.DUMMYFUNCTION("""COMPUTED_VALUE"""),"PANNA COTTA") -> PANNA COTTA | D52: =IFERROR(__xludf.DUMMYFUNCTION("""COMPUTED_VALUE"""),"De romaní amb ginebra i préssec") -> De romaní amb ginebra i préssec | E52: =IFERROR(__xludf.DUMMYFUNCTION("""COMPUTED_VALUE"""),6.5) -> 6.5 | F52: =IFERROR(__xludf.DUMMYFUNCTION("""COMPUTED_VALUE"""),"")
A53: =IFERROR(__xludf.DUMMYFUNCTION("""COMPUTED_VALUE"""),"BC-052") -> BC-052 | B53: =IFERROR(__xludf.DUMMYFUNCTION("""COMPUTED_VALUE"""),"postres") -> postres | C53: =IFERROR(__xludf.DUMMYFUNCTION("""COMPUTED_VALUE"""),"COULANT DE XOCOLATA") -> COULANT DE XOCOLATA | D53: =IFERROR(__xludf.DUMMYFUNCTION("""COMPUTED_VALUE"""),"") | E53: =IFERROR(__xludf.DUMMYFUNCTION("""COMPUTED_VALUE"""),5.0) -> 5 | F53: =IFERROR(__xludf.DUMMYFUNCTION("""COMPUTED_VALUE"""),"")
A54: =IFERROR(__xludf.DUMMYFUNCTION("""COMPUTED_VALUE"""),"BC-053") -> BC-053 | B54: =IFERROR(__xludf.DUMMYFUNCTION("""COMPUTED_VALUE"""),"postres") -> postres | C54: =IFERROR(__xludf.DUMMYFUNCTION("""COMPUTED_VALUE"""),"MADUIXES AL PEBRE") -> MADUIXES AL PEBRE | D54: =IFERROR(__xludf.DUMMYFUNCTION("""COMPUTED_VALUE"""),"") | E54: =IFERROR(__xludf.DUMMYFUNCTION("""COMPUTED_VALUE"""),12.5) -> 12.5 | F54: =IFERROR(__xludf.DUMMYFUNCTION("""COMPUTED_VALUE"""),"")
A55: =IFERROR(__xludf.DUMMYFUNCTION("""COMPUTED_VALUE"""),"BC-054") -> BC-054 | B55: =IFERROR(__xludf.DUMMYFUNCTION("""COMPUTED_VALUE"""),"postres") -> postres | C55: =IFERROR(__xludf.DUMMYFUNCTION("""COMPUTED_VALUE"""),"CALZONE DOLÇA") -> CALZONE DOLÇA | D55: =IFERROR(__xludf.DUMMYFUNCTION("""COMPUTED_VALUE"""),"") | E55: =IFERROR(__xludf.DUMMYFUNCTION("""COMPUTED_VALUE"""),10.0) -> 10 | F55: =IFERROR(__xludf.DUMMYFUNCTION("""COMPUTED_VALUE"""),"")
A56: =IFERROR(__xludf.DUMMYFUNCTION("""COMPUTED_VALUE"""),"BC-055") -> BC-055 | B56: =IFERROR(__xludf.DUMMYFUNCTION("""COMPUTED_VALUE"""),"postres") -> postres | C56: =IFERROR(__xludf.DUMMYFUNCTION("""COMPUTED_VALUE"""),"AFFOGATO SENSE AMARETO") -> AFFOGATO SENSE AMARETO | D56: =IFERROR(__xludf.DUMMYFUNCTION("""COMPUTED_VALUE"""),"") | E56: =IFERROR(__xludf.DUMMYFUNCTION("""COMPUTED_VALUE"""),6.5) -> 6.5 | F56: =IFERROR(__xludf.DUMMYFUNCTION("""COMPUTED_VALUE"""),"")
A57: =IFERROR(__xludf.DUMMYFUNCTION("""COMPUTED_VALUE"""),"BC-056") -> BC-056 | B57: =IFERROR(__xludf.DUMMYFUNCTION("""COMPUTED_VALUE"""),"postres") -> postres | C57: =IFERROR(__xludf.DUMMYFUNCTION("""COMPUTED_VALUE"""),"AFFOGATO AMB AMARETTO") -> AFFOGATO AMB AMARETTO | D57: =IFERROR(__xludf.DUMMYFUNCTION("""COMPUTED_VALUE"""),"") | E57: =IFERROR(__xludf.DUMMYFUNCTION("""COMPUTED_VALUE"""),8.5) -> 8.5 | F57: =IFERROR(__xludf.DUMMYFUNCTION("""COMPUTED_VALUE"""),"")
A58: =IFERROR(__xludf.DUMMYFUNCTION("""COMPUTED_VALUE"""),"BC-057") -> BC-057 | B58: =IFERROR(__xludf.DUMMYFUNCTION("""COMPUTED_VALUE"""),"cafe_te") -> cafe_te | C58: =IFERROR(__xludf.DUMMYFUNCTION("""COMPUTED_VALUE"""),"CAFÈ SOL") -> CAFÈ SOL | D58: =IFERROR(__xludf.DUMMYFUNCTION("""COMPUTED_VALUE"""),"") | E58: =IFERROR(__xludf.DUMMYFUNCTION("""COMPUTED_VALUE"""),1.5) -> 1.5 | F58: =IFERROR(__xludf.DUMMYFUNCTION("""COMPUTED_VALUE"""),"")
A59: =IFERROR(__xludf.DUMMYFUNCTION("""COMPUTED_VALUE"""),"BC-058") -> BC-058 | B59: =IFERROR(__xludf.DUMMYFUNCTION("""COMPUTED_VALUE"""),"cafe_te") -> cafe_te | C59: =IFERROR(__xludf.DUMMYFUNCTION("""COMPUTED_VALUE"""),"ESPRESSO DOBLE") -> ESPRESSO DOBLE | D59: =IFERROR(__xludf.DUMMYFUNCTION("""COMPUTED_VALUE"""),"") | E59: =IFERROR(__xludf.DUMMYFUNCTION("""COMPUTED_VALUE"""),2.0) -> 2 | F59: =IFERROR(__xludf.DUMMYFUNCTION("""COMPUTED_VALUE"""),"")
A60: =IFERROR(__xludf.DUMMYFUNCTION("""COMPUTED_VALUE"""),"BC-059") -> BC-059 | B60: =IFERROR(__xludf.DUMMYFUNCTION("""COMPUTED_VALUE"""),"cafe_te") -> cafe_te | C60: =IFERROR(__xludf.DUMMYFUNCTION("""COMPUTED_VALUE"""),"CAFÈ AMB LLET") -> CAFÈ AMB LLET | D60: =IFERROR(__xludf.DUMMYFUNCTION("""COMPUTED_VALUE"""),"") | E60: =IFERROR(__xludf.DUMMYFUNCTION("""COMPUTED_VALUE"""),1.8) -> 1.8 | F60: =IFERROR(__xludf.DUMMYFUNCTION("""COMPUTED_VALUE"""),"")
A61: =IFERROR(__xludf.DUMMYFUNCTION("""COMPUTED_VALUE"""),"BC-060") -> BC-060 | B61: =IFERROR(__xludf.DUMMYFUNCTION("""COMPUTED_VALUE"""),"cafe_te") -> cafe_te | C61: =IFERROR(__xludf.DUMMYFUNCTION("""COMPUTED_VALUE"""),"AMERICÀ / TALLAT") -> AMERICÀ / TALLAT | D61: =IFERROR(__xludf.DUMMYFUNCTION("""COMPUTED_VALUE"""),"") | E61: =IFERROR(__xludf.DUMMYFUNCTION("""COMPUTED_VALUE"""),2.0) -> 2 | F61: =IFERROR(__xludf.DUMMYFUNCTION("""COMPUTED_VALUE"""),"")
A62: =IFERROR(__xludf.DUMMYFUNCTION("""COMPUTED_VALUE"""),"BC-061") -> BC-061 | B62: =IFERROR(__xludf.DUMMYFUNCTION("""COMPUTED_VALUE"""),"cafe_te") -> cafe_te | C62: =IFERROR(__xludf.DUMMYFUNCTION("""COMPUTED_VALUE"""),"CAPPUCCINO") -> CAPPUCCINO | D62: =IFERROR(__xludf.DUMMYFUNCTION("""COMPUTED_VALUE"""),"") | E62: =IFERROR(__xludf.DUMMYFUNCTION("""COMPUTED_VALUE"""),2.2) -> 2.2 | F62: =IFERROR(__xludf.DUMMYFUNCTION("""COMPUTED_VALUE"""),"")
A63: =IFERROR(__xludf.DUMMYFUNCTION("""COMPUTED_VALUE"""),"BC-062") -> BC-062 | B63: =IFERROR(__xludf.DUMMYFUNCTION("""COMPUTED_VALUE"""),"cafe_te") -> cafe_te | C63: =IFERROR(__xludf.DUMMYFUNCTION("""COMPUTED_VALUE"""),"AMERICÀ AMB GEL") -> AMERICÀ AMB GEL | D63: =IFERROR(__xludf.DUMMYFUNCTION("""COMPUTED_VALUE"""),"") | E63: =IFERROR(__xludf.DUMMYFUNCTION("""COMPUTED_VALUE"""),2.25) -> 2.25 | F63: =IFERROR(__xludf.DUMMYFUNCTION("""COMPUTED_VALUE"""),"")
A64: =IFERROR(__xludf.DUMMYFUNCTION("""COMPUTED_VALUE"""),"BC-063") -> BC-063 | B64: =IFERROR(__xludf.DUMMYFUNCTION("""COMPUTED_VALUE"""),"cafe_te") -> cafe_te | C64: =IFERROR(__xludf.DUMMYFUNCTION("""COMPUTED_VALUE"""),"CIGALÓ") -> CIGALÓ | D64: =IFERROR(__xludf.DUMMYFUNCTION("""COMPUTED_VALUE"""),"") | E64: =IFERROR(__xludf.DUMMYFUNCTION("""COMPUTED_VALUE"""),3.0) -> 3 | F64: =IFERROR(__xludf.DUMMYFUNCTION("""COMPUTED_VALUE"""),"")
A65: =IFERROR(__xludf.DUMMYFUNCTION("""COMPUTED_VALUE"""),"BC-064") -> BC-064 | B65: =IFERROR(__xludf.DUMMYFUNCTION("""COMPUTED_VALUE"""),"cafe_te") -> cafe_te | C65: =IFERROR(__xludf.DUMMYFUNCTION("""COMPUTED_VALUE"""),"TRIFÀSIC") -> TRIFÀSIC | D65: =IFERROR(__xludf.DUMMYFUNCTION("""COMPUTED_VALUE"""),"") | E65: =IFERROR(__xludf.DUMMYFUNCTION("""COMPUTED_VALUE"""),3.0) -> 3 | F65: =IFERROR(__xludf.DUMMYFUNCTION("""COMPUTED_VALUE"""),"")
A66: =IFERROR(__xludf.DUMMYFUNCTION("""COMPUTED_VALUE"""),"BC-065") -> BC-065 | B66: =IFERROR(__xludf.DUMMYFUNCTION("""COMPUTED_VALUE"""),"cafe_te") -> cafe_te | C66: =IFERROR(__xludf.DUMMYFUNCTION("""COMPUTED_VALUE"""),"CAFÈ IRLANDÈS") -> CAFÈ IRLANDÈS | D66: =IFERROR(__xludf.DUMMYFUNCTION("""COMPUTED_VALUE"""),"") | E66: =IFERROR(__xludf.DUMMYFUNCTION("""COMPUTED_VALUE"""),7.0) -> 7 | F66: =IFERROR(__xludf.DUMMYFUNCTION("""COMPUTED_VALUE"""),"")
A67: =IFERROR(__xludf.DUMMYFUNCTION("""COMPUTED_VALUE"""),"BC-066") -> BC-066 | B67: =IFERROR(__xludf.DUMMYFUNCTION("""COMPUTED_VALUE"""),"cafe_te") -> cafe_te | C67: =IFERROR(__xludf.DUMMYFUNCTION("""COMPUTED_VALUE"""),"INFUSIONS DAMMANN") -> INFUSIONS DAMMANN | D67: =IFERROR(__xludf.DUMMYFUNCTION("""COMPUTED_VALUE"""),"Te negre / te verd / camamilla") -> Te negre / te verd / camamilla | E67: =IFERROR(__xludf.DUMMYFUNCTION("""COMPUTED_VALUE"""),2.0) -> 2 | F67: =IFERROR(__xludf.DUMMYFUNCTION("""COMPUTED_VALUE"""),"")
A68: =IFERROR(__xludf.DUMMYFUNCTION("""COMPUTED_VALUE"""),"BC-067") -> BC-067 | B68: =IFERROR(__xludf.DUMMYFUNCTION("""COMPUTED_VALUE"""),"begudes") -> begudes | C68: =IFERROR(__xludf.DUMMYFUNCTION("""COMPUTED_VALUE"""),"REFRESCOS") -> REFRESCOS | D68: =IFERROR(__xludf.DUMMYFUNCTION("""COMPUTED_VALUE"""),"Coca-Cola / Fanta / Cola Zero / Nestea / Aquarius") -> Coca-Cola / Fanta / Cola Zero / Nestea / Aquarius | E68: =IFERROR(__xludf.DUMMYFUNCTION("""COMPUTED_VALUE"""),3.0) -> 3 | F68: =IFERROR(__xludf.DUMMYFUNCTION("""COMPUTED_VALUE"""),"")
A69: =IFERROR(__xludf.DUMMYFUNCTION("""COMPUTED_VALUE"""),"BC-068") -> BC-068 | B69: =IFERROR(__xludf.DUMMYFUNCTION("""COMPUTED_VALUE"""),"begudes") -> begudes | C69: =IFERROR(__xludf.DUMMYFUNCTION("""COMPUTED_VALUE"""),"TÒNICA") -> TÒNICA | D69: =IFERROR(__xludf.DUMMYFUNCTION("""COMPUTED_VALUE"""),"") | E69: =IFERROR(__xludf.DUMMYFUNCTION("""COMPUTED_VALUE"""),2.5) -> 2.5 | F69: =IFERROR(__xludf.DUMMYFUNCTION("""COMPUTED_VALUE"""),"")
A70: =IFERROR(__xludf.DUMMYFUNCTION("""COMPUTED_VALUE"""),"BC-069") -> BC-069 | B70: =IFERROR(__xludf.DUMMYFUNCTION("""COMPUTED_VALUE"""),"begudes") -> begudes | C70: =IFERROR(__xludf.DUMMYFUNCTION("""COMPUTED_VALUE"""),"BITTER KAS") -> BITTER KAS | D70: =IFERROR(__xludf.DUMMYFUNCTION("""COMPUTED_VALUE"""),"") | E70: =IFERROR(__xludf.DUMMYFUNCTION("""COMPUTED_VALUE"""),2.5) -> 2.5 | F70: =IFERROR(__xludf.DUMMYFUNCTION("""COMPUTED_VALUE"""),"")
A71: =IFERROR(__xludf.DUMMYFUNCTION("""COMPUTED_VALUE"""),"BC-070") -> BC-070 | B71: =IFERROR(__xludf.DUMMYFUNCTION("""COMPUTED_VALUE"""),"begudes") -> begudes | C71: =IFERROR(__xludf.DUMMYFUNCTION("""COMPUTED_VALUE"""),"SOLAN DE CABRAS") -> SOLAN DE CABRAS | D71: =IFERROR(__xludf.DUMMYFUNCTION("""COMPUTED_VALUE"""),"") | E71: =IFERROR(__xludf.DUMMYFUNCTION("""COMPUTED_VALUE"""),2.5) -> 2.5 | F71: =IFERROR(__xludf.DUMMYFUNCTION("""COMPUTED_VALUE"""),"")
A72: =IFERROR(__xludf.DUMMYFUNCTION("""COMPUTED_VALUE"""),"BC-071") -> BC-071 | B72: =IFERROR(__xludf.DUMMYFUNCTION("""COMPUTED_VALUE"""),"begudes") -> begudes | C72: =IFERROR(__xludf.DUMMYFUNCTION("""COMPUTED_VALUE"""),"VICHY CATALAN") -> VICHY CATALAN | D72: =IFERROR(__xludf.DUMMYFUNCTION("""COMPUTED_VALUE"""),"") | E72: =IFERROR(__xludf.DUMMYFUNCTION("""COMPUTED_VALUE"""),2.5) -> 2.5 | F72: =IFERROR(__xludf.DUMMYFUNCTION("""COMPUTED_VALUE"""),"")
A73: =IFERROR(__xludf.DUMMYFUNCTION("""COMPUTED_VALUE"""),"BC-072") -> BC-072 | B73: =IFERROR(__xludf.DUMMYFUNCTION("""COMPUTED_VALUE"""),"begudes") -> begudes | C73: =IFERROR(__xludf.DUMMYFUNCTION("""COMPUTED_VALUE"""),"AIGUA S. PELLEGRINO") -> AIGUA S. PELLEGRINO | D73: =IFERROR(__xludf.DUMMYFUNCTION("""COMPUTED_VALUE"""),"") | E73: =IFERROR(__xludf.DUMMYFUNCTION("""COMPUTED_VALUE"""),4.0) -> 4 | F73: =IFERROR(__xludf.DUMMYFUNCTION("""COMPUTED_VALUE"""),"")
A74: =IFERROR(__xludf.DUMMYFUNCTION("""COMPUTED_VALUE"""),"BC-073") -> BC-073 | B74: =IFERROR(__xludf.DUMMYFUNCTION("""COMPUTED_VALUE"""),"alcohol") -> alcohol | C74: =IFERROR(__xludf.DUMMYFUNCTION("""COMPUTED_VALUE"""),"XOPET") -> XOPET | D74: =IFERROR(__xludf.DUMMYFUNCTION("""COMPUTED_VALUE"""),"Herbes / limoncello") -> Herbes / limoncello | E74: =IFERROR(__xludf.DUMMYFUNCTION("""COMPUTED_VALUE"""),2.0) -> 2 | F74: =IFERROR(__xludf.DUMMYFUNCTION("""COMPUTED_VALUE"""),"")
A75: =IFERROR(__xludf.DUMMYFUNCTION("""COMPUTED_VALUE"""),"BC-074") -> BC-074 | B75: =IFERROR(__xludf.DUMMYFUNCTION("""COMPUTED_VALUE"""),"alcohol") -> alcohol | C75: =IFERROR(__xludf.DUMMYFUNCTION("""COMPUTED_VALUE"""),"MARTINI / VERMUT") -> MARTINI / VERMUT | D75: =IFERROR(__xludf.DUMMYFUNCTION("""COMPUTED_VALUE"""),"Blanc / rosso") -> Blanc / rosso | E75: =IFERROR(__xludf.DUMMYFUNCTION("""COMPUTED_VALUE"""),4.5) -> 4.5 | F75: =IFERROR(__xludf.DUMMYFUNCTION("""COMPUTED_VALUE"""),"")
A76: =IFERROR(__xludf.DUMMYFUNCTION("""COMPUTED_VALUE"""),"BC-075") -> BC-075 | B76: =IFERROR(__xludf.DUMMYFUNCTION("""COMPUTED_VALUE"""),"alcohol") -> alcohol | C76: =IFERROR(__xludf.DUMMYFUNCTION("""COMPUTED_VALUE"""),"BAILEYS") -> BAILEYS | D76: =IFERROR(__xludf.DUMMYFUNCTION("""COMPUTED_VALUE"""),"") | E76: =IFERROR(__xludf.DUMMYFUNCTION("""COMPUTED_VALUE"""),5.25) -> 5.25 | F76: =IFERROR(__xludf.DUMMYFUNCTION("""COMPUTED_VALUE"""),"")
A77: =IFERROR(__xludf.DUMMYFUNCTION("""COMPUTED_VALUE"""),"BC-076") -> BC-076 | B77: =IFERROR(__xludf.DUMMYFUNCTION("""COMPUTED_VALUE"""),"alcohol") -> alcohol | C77: =IFERROR(__xludf.DUMMYFUNCTION("""COMPUTED_VALUE"""),"ROM") -> ROM | D77: =IFERROR(__xludf.DUMMYFUNCTION("""COMPUTED_VALUE"""),"") | E77: =IFERROR(__xludf.DUMMYFUNCTION("""COMPUTED_VALUE"""),5.0) -> 5 | F77: =IFERROR(__xludf.DUMMYFUNCTION("""COMPUTED_VALUE"""),"")
A78: =IFERROR(__xludf.DUMMYFUNCTION("""COMPUTED_VALUE"""),"BC-077") -> BC-077 | B78: =IFERROR(__xludf.DUMMYFUNCTION("""COMPUTED_VALUE"""),"alcohol") -> alcohol | C78: =IFERROR(__xludf.DUMMYFUNCTION("""COMPUTED_VALUE"""),"WHISKY") -> WHISKY | D78: =IFERROR(__xludf.DUMMYFUNCTION("""COMPUTED_VALUE"""),"J&B / Jameson / Jack Daniel’s") -> J&B / Jameson / Jack Daniel’s | E78: =IFERROR(__xludf.DUMMYFUNCTION("""COMPUTED_VALUE"""),0.0) -> 0 | F78: =IFERROR(__xludf.DUMMYFUNCTION("""COMPUTED_VALUE"""),"")
A79: =IFERROR(__xludf.DUMMYFUNCTION("""COMPUTED_VALUE"""),"BC-078") -> BC-078 | B79: =IFERROR(__xludf.DUMMYFUNCTION("""COMPUTED_VALUE"""),"alcohol") -> alcohol | C79: =IFERROR(__xludf.DUMMYFUNCTION("""COMPUTED_VALUE"""),"CAMPARI") -> CAMPARI | D79: =IFERROR(__xludf.DUMMYFUNCTION("""COMPUTED_VALUE"""),"") | E79: =IFERROR(__xludf.DUMMYFUNCTION("""COMPUTED_VALUE"""),5.0) -> 5 | F79: =IFERROR(__xludf.DUMMYFUNCTION("""COMPUTED_VALUE"""),"")
A80: =IFERROR(__xludf.DUMMYFUNCTION("""COMPUTED_VALUE"""),"BC-079") -> BC-079 | B80: =IFERROR(__xludf.DUMMYFUNCTION("""COMPUTED_VALUE"""),"alcohol") -> alcohol | C80: =IFERROR(__xludf.DUMMYFUNCTION("""COMPUTED_VALUE"""),"CARAMOL") -> CARAMOL | D80: =IFERROR(__xludf.DUMMYFUNCTION("""COMPUTED_VALUE"""),"") | E80: =IFERROR(__xludf.DUMMYFUNCTION("""COMPUTED_VALUE"""),5.25) -> 5.25 | F80: =IFERROR(__xludf.DUMMYFUNCTION("""COMPUTED_VALUE"""),"")
A81: =IFERROR(__xludf.DUMMYFUNCTION("""COMPUTED_VALUE"""),"BC-080") -> BC-080 | B81: =IFERROR(__xludf.DUMMYFUNCTION("""COMPUTED_VALUE"""),"alcohol") -> alcohol | C81: =IFERROR(__xludf.DUMMYFUNCTION("""COMPUTED_VALUE"""),"VODKA") -> VODKA | D81: =IFERROR(__xludf.DUMMYFUNCTION("""COMPUTED_VALUE"""),"Absolut / Grey Goose") -> Absolut / Grey Goose | E81: =IFERROR(__xludf.DUMMYFUNCTION("""COMPUTED_VALUE"""),0.0) -> 0 | F81: =IFERROR(__xludf.DUMMYFUNCTION("""COMPUTED_VALUE"""),"")
A82: =IFERROR(__xludf.DUMMYFUNCTION("""COMPUTED_VALUE"""),"BC-081") -> BC-081 | B82: =IFERROR(__xludf.DUMMYFUNCTION("""COMPUTED_VALUE"""),"coctels") -> coctels | C82: =IFERROR(__xludf.DUMMYFUNCTION("""COMPUTED_VALUE"""),"KIRSCH BELLA CIAO") -> KIRSCH BELLA CIAO | D82: =IFERROR(__xludf.DUMMYFUNCTION("""COMPUTED_VALUE"""),"Caramol / cava") -> Caramol / cava | E82: =IFERROR(__xludf.DUMMYFUNCTION("""COMPUTED_VALUE"""),6.0) -> 6 | F82: =IFERROR(__xludf.DUMMYFUNCTION("""COMPUTED_VALUE"""),"")
A83: =IFERROR(__xludf.DUMMYFUNCTION("""COMPUTED_VALUE"""),"BC-082") -> BC-082 | B83: =IFERROR(__xludf.DUMMYFUNCTION("""COMPUTED_VALUE"""),"coctels") -> coctels | C83: =IFERROR(__xludf.DUMMYFUNCTION("""COMPUTED_VALUE"""),"CUBATA") -> CUBATA | D83: =IFERROR(__xludf.DUMMYFUNCTION("""COMPUTED_VALUE"""),"Alcohol / refresc") -> Alcohol / refresc | E83: =IFERROR(__xludf.DUMMYFUNCTION("""COMPUTED_VALUE"""),7.0) -> 7 | F83: =IFERROR(__xludf.DUMMYFUNCTION("""COMPUTED_VALUE"""),"")
A84: =IFERROR(__xludf.DUMMYFUNCTION("""COMPUTED_VALUE"""),"BC-083") -> BC-083 | B84: =IFERROR(__xludf.DUMMYFUNCTION("""COMPUTED_VALUE"""),"coctels") -> coctels | C84: =IFERROR(__xludf.DUMMYFUNCTION("""COMPUTED_VALUE"""),"APEROL SPRITZ") -> APEROL SPRITZ | D84: =IFERROR(__xludf.DUMMYFUNCTION("""COMPUTED_VALUE"""),"Aperol / cava / aigua amb gas") -> Aperol / cava / aigua amb gas | E84: =IFERROR(__xludf.DUMMYFUNCTION("""COMPUTED_VALUE"""),9.0) -> 9 | F84: =IFERROR(__xludf.DUMMYFUNCTION("""COMPUTED_VALUE"""),"")
A85: =IFERROR(__xludf.DUMMYFUNCTION("""COMPUTED_VALUE"""),"BC-084") -> BC-084 | B85: =IFERROR(__xludf.DUMMYFUNCTION("""COMPUTED_VALUE"""),"coctels") -> coctels | C85: =IFERROR(__xludf.DUMMYFUNCTION("""COMPUTED_VALUE"""),"GIN-TÒNIC") -> GIN-TÒNIC | D85: =IFERROR(__xludf.DUMMYFUNCTION("""COMPUTED_VALUE"""),"Hendrick’s / Floraison / Bombay Sapphire") -> Hendrick’s / Floraison / Bombay Sapphire | E85: =IFERROR(__xludf.DUMMYFUNCTION("""COMPUTED_VALUE"""),0.0) -> 0 | F85: =IFERROR(__xludf.DUMMYFUNCTION("""COMPUTED_VALUE"""),"")
A86: =IFERROR(__xludf.DUMMYFUNCTION("""COMPUTED_VALUE"""),"BC-085") -> BC-085 | B86: =IFERROR(__xludf.DUMMYFUNCTION("""COMPUTED_VALUE"""),"cerveses") -> cerveses | C86: =IFERROR(__xludf.DUMMYFUNCTION("""COMPUTED_VALUE"""),"LAGER ESTRELLA ANDORRA") -> LAGER ESTRELLA ANDORRA | D86: =IFERROR(__xludf.DUMMYFUNCTION("""COMPUTED_VALUE"""),"Cervesa clara i refrescant, de malta suau i final net. Alc. 4,5 %.") -> Cervesa clara i refrescant, de malta suau i final net. Alc. 4,5 %. | E86: =IFERROR(__xludf.DUMMYFUNCTION("""COMPUTED_VALUE"""),3.6) -> 3.6 | F86: =IFERROR(__xludf.DUMMYFUNCTION("""COMPUTED_VALUE"""),"")
A87: =IFERROR(__xludf.DUMMYFUNCTION("""COMPUTED_VALUE"""),"BC-086") -> BC-086 | B87: =IFERROR(__xludf.DUMMYFUNCTION("""COMPUTED_VALUE"""),"cerveses") -> cerveses | C87: =IFERROR(__xludf.DUMMYFUNCTION("""COMPUTED_VALUE"""),"TORRADA ANDBEER") -> TORRADA ANDBEER | D87: =IFERROR(__xludf.DUMMYFUNCTION("""COMPUTED_VALUE"""),"Cos ple, malta torrada amb aromes de pa negre i lleugers tocs de cafè. Alc. 6,3 %.") -> Cos ple, malta torrada amb aromes de pa negre i lleugers tocs de cafè. Alc. 6,3 %. | E87: =IFERROR(__xludf.DUMMYFUNCTION("""COMPUTED_VALUE"""),3.6) -> 3.6 | F87: =IFERROR(__xludf.DUMMYFUNCTION("""COMPUTED_VALUE"""),"")
A88: =IFERROR(__xludf.DUMMYFUNCTION("""COMPUTED_VALUE"""),"BC-087") -> BC-087 | B88: =IFERROR(__xludf.DUMMYFUNCTION("""COMPUTED_VALUE"""),"cerveses") -> cerveses | C88: =IFERROR(__xludf.DUMMYFUNCTION("""COMPUTED_VALUE"""),"AMBER ALE ANDBEER") -> AMBER ALE ANDBEER | D88: =IFERROR(__xludf.DUMMYFUNCTION("""COMPUTED_VALUE"""),"Color coure, amb notes de caramel i malta torrada, equilibrada amb el llúpol. Alc. 6,3 %.") -> Color coure, amb notes de caramel i malta torrada, equilibrada amb el llúpol. Alc. 6,3 %. | E88: =IFERROR(__xludf.DUMMYFUNCTION("""COMPUTED_VALUE"""),3.6) -> 3.6 | F88: =IFERROR(__xludf.DUMMYFUNCTION("""COMPUTED_VALUE"""),"")
A89: =IFERROR(__xludf.DUMMYFUNCTION("""COMPUTED_VALUE"""),"BC-088") -> BC-088 | B89: =IFERROR(__xludf.DUMMYFUNCTION("""COMPUTED_VALUE"""),"cerveses") -> cerveses | C89: =IFERROR(__xludf.DUMMYFUNCTION("""COMPUTED_VALUE"""),"IPA DE MUNTANYA ANDBEER") -> IPA DE MUNTANYA ANDBEER | D89: =IFERROR(__xludf.DUMMYFUNCTION("""COMPUTED_VALUE"""),"IPA aromàtica amb notes de pi i fruita tropical, cos mitjà i final amarg. Alc. 7,1 %.") -> IPA aromàtica amb notes de pi i fruita tropical, cos mitjà i final amarg. Alc. 7,1 %. | E89: =IFERROR(__xludf.DUMMYFUNCTION("""COMPUTED_VALUE"""),4.0) -> 4 | F89: =IFERROR(__xludf.DUMMYFUNCTION("""COMPUTED_VALUE"""),"")
A90: =IFERROR(__xludf.DUMMYFUNCTION("""COMPUTED_VALUE"""),"BC-089") -> BC-089 | B90: =IFERROR(__xludf.DUMMYFUNCTION("""COMPUTED_VALUE"""),"cerveses") -> cerveses | C90: =IFERROR(__xludf.DUMMYFUNCTION("""COMPUTED_VALUE"""),"CANYA") -> CANYA | D90: =IFERROR(__xludf.DUMMYFUNCTION("""COMPUTED_VALUE"""),"0,33 l") -> 0,33 l | E90: =IFERROR(__xludf.DUMMYFUNCTION("""COMPUTED_VALUE"""),3.1) -> 3.1 | F90: =IFERROR(__xludf.DUMMYFUNCTION("""COMPUTED_VALUE"""),"")
A91: =IFERROR(__xludf.DUMMYFUNCTION("""COMPUTED_VALUE"""),"BC-090") -> BC-090 | B91: =IFERROR(__xludf.DUMMYFUNCTION("""COMPUTED_VALUE"""),"cerveses") -> cerveses | C91: =IFERROR(__xludf.DUMMYFUNCTION("""COMPUTED_VALUE"""),"JARRA") -> JARRA | D91: =IFERROR(__xludf.DUMMYFUNCTION("""COMPUTED_VALUE"""),"0,5 l") -> 0,5 l | E91: =IFERROR(__xludf.DUMMYFUNCTION("""COMPUTED_VALUE"""),4.0) -> 4 | F91: =IFERROR(__xludf.DUMMYFUNCTION("""COMPUTED_VALUE"""),"")
A92: =IFERROR(__xludf.DUMMYFUNCTION("""COMPUTED_VALUE"""),"BC-SUP-001") -> BC-SUP-001 | B92: =IFERROR(__xludf.DUMMYFUNCTION("""COMPUTED_VALUE"""),"suplements") -> suplements | C92: =IFERROR(__xludf.DUMMYFUNCTION("""COMPUTED_VALUE"""),"PERNIL DOLÇ") -> PERNIL DOLÇ | D92: =IFERROR(__xludf.DUMMYFUNCTION("""COMPUTED_VALUE"""),"") | E92: =IFERROR(__xludf.DUMMYFUNCTION("""COMPUTED_VALUE"""),3.0) -> 3 | F92: =IFERROR(__xludf.DUMMYFUNCTION("""COMPUTED_VALUE"""),"")
A93: =IFERROR(__xludf.DUMMYFUNCTION("""COMPUTED_VALUE"""),"BC-SUP-002") -> BC-SUP-002 | B93: =IFERROR(__xludf.DUMMYFUNCTION("""COMPUTED_VALUE"""),"suplements") -> suplements | C93: =IFERROR(__xludf.DUMMYFUNCTION("""COMPUTED_VALUE"""),"MOZZARELLA") -> MOZZARELLA | D93: =IFERROR(__xludf.DUMMYFUNCTION("""COMPUTED_VALUE"""),"") | E93: =IFERROR(__xludf.DUMMYFUNCTION("""COMPUTED_VALUE"""),3.0) -> 3 | F93: =IFERROR(__xludf.DUMMYFUNCTION("""COMPUTED_VALUE"""),"")
A94: =IFERROR(__xludf.DUMMYFUNCTION("""COMPUTED_VALUE"""),"BC-SUP-003") -> BC-SUP-003 | B94: =IFERROR(__xludf.DUMMYFUNCTION("""COMPUTED_VALUE"""),"suplements") -> suplements | C94: =IFERROR(__xludf.DUMMYFUNCTION("""COMPUTED_VALUE"""),"ANXOVES") -> ANXOVES | D94: =IFERROR(__xludf.DUMMYFUNCTION("""COMPUTED_VALUE"""),"6 unitats") -> 6 unitats | E94: =IFERROR(__xludf.DUMMYFUNCTION("""COMPUTED_VALUE"""),4.5) -> 4.5 | F94: =IFERROR(__xludf.DUMMYFUNCTION("""COMPUTED_VALUE"""),"")
A95: =IFERROR(__xludf.DUMMYFUNCTION("""COMPUTED_VALUE"""),"BC-SUP-004") -> BC-SUP-004 | B95: =IFERROR(__xludf.DUMMYFUNCTION("""COMPUTED_VALUE"""),"suplements") -> suplements | C95: =IFERROR(__xludf.DUMMYFUNCTION("""COMPUTED_VALUE"""),"CHAMPIGNON") -> CHAMPIGNON | D95: =IFERROR(__xludf.DUMMYFUNCTION("""COMPUTED_VALUE"""),"") | E95: =IFERROR(__xludf.DUMMYFUNCTION("""COMPUTED_VALUE"""),2.25) -> 2.25 | F95: =IFERROR(__xludf.DUMMYFUNCTION("""COMPUTED_VALUE"""),"")
A96: =IFERROR(__xludf.DUMMYFUNCTION("""COMPUTED_VALUE"""),"BC-SUP-005") -> BC-SUP-005 | B96: =IFERROR(__xludf.DUMMYFUNCTION("""COMPUTED_VALUE"""),"suplements") -> suplements | C96: =IFERROR(__xludf.DUMMYFUNCTION("""COMPUTED_VALUE"""),"CARXOFA") -> CARXOFA | D96: =IFERROR(__xludf.DUMMYFUNCTION("""COMPUTED_VALUE"""),"") | E96: =IFERROR(__xludf.DUMMYFUNCTION("""COMPUTED_VALUE"""),2.25) -> 2.25 | F96: =IFERROR(__xludf.DUMMYFUNCTION("""COMPUTED_VALUE"""),"")
A97: =IFERROR(__xludf.DUMMYFUNCTION("""COMPUTED_VALUE"""),"BC-SUP-006") -> BC-SUP-006 | B97: =IFERROR(__xludf.DUMMYFUNCTION("""COMPUTED_VALUE"""),"suplements") -> suplements | C97: =IFERROR(__xludf.DUMMYFUNCTION("""COMPUTED_VALUE"""),"TONYINA") -> TONYINA | D97: =IFERROR(__xludf.DUMMYFUNCTION("""COMPUTED_VALUE"""),"") | E97: =IFERROR(__xludf.DUMMYFUNCTION("""COMPUTED_VALUE"""),3.5) -> 3.5 | F97: =IFERROR(__xludf.DUMMYFUNCTION("""COMPUTED_VALUE"""),"")
A98: =IFERROR(__xludf.DUMMYFUNCTION("""COMPUTED_VALUE"""),"BC-SUP-007") -> BC-SUP-007 | B98: =IFERROR(__xludf.DUMMYFUNCTION("""COMPUTED_VALUE"""),"suplements") -> suplements | C98: =IFERROR(__xludf.DUMMYFUNCTION("""COMPUTED_VALUE"""),"CEBA") -> CEBA | D98: =IFERROR(__xludf.DUMMYFUNCTION("""COMPUTED_VALUE"""),"") | E98: =IFERROR(__xludf.DUMMYFUNCTION("""COMPUTED_VALUE"""),1.5) -> 1.5 | F98: =IFERROR(__xludf.DUMMYFUNCTION("""COMPUTED_VALUE"""),"")
A99: =IFERROR(__xludf.DUMMYFUNCTION("""COMPUTED_VALUE"""),"BC-SUP-008") -> BC-SUP-008 | B99: =IFERROR(__xludf.DUMMYFUNCTION("""COMPUTED_VALUE"""),"suplements") -> suplements | C99: =IFERROR(__xludf.DUMMYFUNCTION("""COMPUTED_VALUE"""),"OU") -> OU | D99: =IFERROR(__xludf.DUMMYFUNCTION("""COMPUTED_VALUE"""),"") | E99: =IFERROR(__xludf.DUMMYFUNCTION("""COMPUTED_VALUE"""),1.5) -> 1.5 | F99: =IFERROR(__xludf.DUMMYFUNCTION("""COMPUTED_VALUE"""),"")
A100: =IFERROR(__xludf.DUMMYFUNCTION("""COMPUTED_VALUE"""),"BC-SUP-009") -> BC-SUP-009 | B100: =IFERROR(__xludf.DUMMYFUNCTION("""COMPUTED_VALUE"""),"suplements") -> suplements | C100: =IFERROR(__xludf.DUMMYFUNCTION("""COMPUTED_VALUE"""),"BURRATA") -> BURRATA | D100: =IFERROR(__xludf.DUMMYFUNCTION("""COMPUTED_VALUE"""),"") | E100: =IFERROR(__xludf.DUMMYFUNCTION("""COMPUTED_VALUE"""),5.75) -> 5.75 | F100: =IFERROR(__xludf.DUMMYFUNCTION("""COMPUTED_VALUE"""),"")
...

Sheet DELIVERY
A1: ID | B1: Categoría | C1: Producto | D1: Ingredientes / detalle | E1: Precio (€) | F1: Imagen URL
A2: =IFERROR(__xludf.DUMMYFUNCTION("IFERROR(FILTER(HSTACK(MAESTRA!A2:A200,MAESTRA!C2:C200,IF(CONTROL!$B$4=""CAT"",MAESTRA!D2:D200,IF(CONTROL!$B$4=""ES"",MAESTRA!F2:F200,IF(CONTROL!$B$4=""FR"",MAESTRA!H2:H200,MAESTRA!J2:J200))),IF(CONTROL!$B$4=""CAT"",MAESTRA!E2:E200,IF(CONTROL!$B$4=""ES"",M"&"AESTRA!G2:G200,IF(CONTROL!$B$4=""FR"",MAESTRA!I2:I200,MAESTRA!K2:K200))),MAESTRA!N2:N200,MAESTRA!R2:R200),MAESTRA!A2:A200<>"""",MAESTRA!Q2:Q200=TRUE),"""")"),"BC-001") -> BC-001 | B2: =IFERROR(__xludf.DUMMYFUNCTION("""COMPUTED_VALUE"""),"entrants") -> entrants | C2: =IFERROR(__xludf.DUMMYFUNCTION("""COMPUTED_VALUE"""),"PA DE PIZZA") -> PA DE PIZZA | D2: =IFERROR(__xludf.DUMMYFUNCTION("""COMPUTED_VALUE"""),"Massa normal / integral") -> Massa normal / integral | E2: =IFERROR(__xludf.DUMMYFUNCTION("""COMPUTED_VALUE"""),5.0) -> 5 | F2: =IFERROR(__xludf.DUMMYFUNCTION("""COMPUTED_VALUE"""),"")
A3: =IFERROR(__xludf.DUMMYFUNCTION("""COMPUTED_VALUE"""),"BC-002") -> BC-002 | B3: =IFERROR(__xludf.DUMMYFUNCTION("""COMPUTED_VALUE"""),"entrants") -> entrants | C3: =IFERROR(__xludf.DUMMYFUNCTION("""COMPUTED_VALUE"""),"FOCACCIA") -> FOCACCIA | D3: =IFERROR(__xludf.DUMMYFUNCTION("""COMPUTED_VALUE"""),"") | E3: =IFERROR(__xludf.DUMMYFUNCTION("""COMPUTED_VALUE"""),5.0) -> 5 | F3: =IFERROR(__xludf.DUMMYFUNCTION("""COMPUTED_VALUE"""),"")
A4: =IFERROR(__xludf.DUMMYFUNCTION("""COMPUTED_VALUE"""),"BC-003") -> BC-003 | B4: =IFERROR(__xludf.DUMMYFUNCTION("""COMPUTED_VALUE"""),"entrants") -> entrants | C4: =IFERROR(__xludf.DUMMYFUNCTION("""COMPUTED_VALUE"""),"PROVOLONE") -> PROVOLONE | D4: =IFERROR(__xludf.DUMMYFUNCTION("""COMPUTED_VALUE"""),"") | E4: =IFERROR(__xludf.DUMMYFUNCTION("""COMPUTED_VALUE"""),10.0) -> 10 | F4: =IFERROR(__xludf.DUMMYFUNCTION("""COMPUTED_VALUE"""),"")
A5: =IFERROR(__xludf.DUMMYFUNCTION("""COMPUTED_VALUE"""),"BC-009") -> BC-009 | B5: =IFERROR(__xludf.DUMMYFUNCTION("""COMPUTED_VALUE"""),"amanides") -> amanides | C5: =IFERROR(__xludf.DUMMYFUNCTION("""COMPUTED_VALUE"""),"BUFALATA") -> BUFALATA | D5: =IFERROR(__xludf.DUMMYFUNCTION("""COMPUTED_VALUE"""),"Mesclum / burrata / bresaola / nous / olives") -> Mesclum / burrata / bresaola / nous / olives | E5: =IFERROR(__xludf.DUMMYFUNCTION("""COMPUTED_VALUE"""),16.0) -> 16 | F5: =IFERROR(__xludf.DUMMYFUNCTION("""COMPUTED_VALUE"""),"")
A6: =IFERROR(__xludf.DUMMYFUNCTION("""COMPUTED_VALUE"""),"BC-010") -> BC-010 | B6: =IFERROR(__xludf.DUMMYFUNCTION("""COMPUTED_VALUE"""),"amanides") -> amanides | C6: =IFERROR(__xludf.DUMMYFUNCTION("""COMPUTED_VALUE"""),"CÈSAR") -> CÈSAR | D6: =IFERROR(__xludf.DUMMYFUNCTION("""COMPUTED_VALUE"""),"Enciam / pollastre / crostons / cherry / parmesà / salsa cèsar") -> Enciam / pollastre / crostons / cherry / parmesà / salsa cèsar | E6: =IFERROR(__xludf.DUMMYFUNCTION("""COMPUTED_VALUE"""),16.0) -> 16 | F6: =IFERROR(__xludf.DUMMYFUNCTION("""COMPUTED_VALUE"""),"")
A7: =IFERROR(__xludf.DUMMYFUNCTION("""COMPUTED_VALUE"""),"BC-011") -> BC-011 | B7: =IFERROR(__xludf.DUMMYFUNCTION("""COMPUTED_VALUE"""),"amanides") -> amanides | C7: =IFERROR(__xludf.DUMMYFUNCTION("""COMPUTED_VALUE"""),"CABRA") -> CABRA | D7: =IFERROR(__xludf.DUMMYFUNCTION("""COMPUTED_VALUE"""),"Mesclum / cherry / escalivada / albergínia, pebre, ceba / nous / cabra / balsàmic") -> Mesclum / cherry / escalivada / albergínia, pebre, ceba / nous / cabra / balsàmic | E7: =IFERROR(__xludf.DUMMYFUNCTION("""COMPUTED_VALUE"""),16.0) -> 16 | F7: =IFERROR(__xludf.DUMMYFUNCTION("""COMPUTED_VALUE"""),"")
A8: =IFERROR(__xludf.DUMMYFUNCTION("""COMPUTED_VALUE"""),"BC-012") -> BC-012 | B8: =IFERROR(__xludf.DUMMYFUNCTION("""COMPUTED_VALUE"""),"amanides") -> amanides | C8: =IFERROR(__xludf.DUMMYFUNCTION("""COMPUTED_VALUE"""),"LUNA CAPRESE") -> LUNA CAPRESE | D8: =IFERROR(__xludf.DUMMYFUNCTION("""COMPUTED_VALUE"""),"Tomàquet / mozzarella / salsa pesto / ruca / salsa mòdena") -> Tomàquet / mozzarella / salsa pesto / ruca / salsa mòdena | E8: =IFERROR(__xludf.DUMMYFUNCTION("""COMPUTED_VALUE"""),15.5) -> 15.5 | F8: =IFERROR(__xludf.DUMMYFUNCTION("""COMPUTED_VALUE"""),"")
A9: =IFERROR(__xludf.DUMMYFUNCTION("""COMPUTED_VALUE"""),"BC-017") -> BC-017 | B9: =IFERROR(__xludf.DUMMYFUNCTION("""COMPUTED_VALUE"""),"carn") -> carn | C9: =IFERROR(__xludf.DUMMYFUNCTION("""COMPUTED_VALUE"""),"EMBOTITS ITALIANS") -> EMBOTITS ITALIANS | D9: =IFERROR(__xludf.DUMMYFUNCTION("""COMPUTED_VALUE"""),"Bresaola / salami / mortadel·la de tòfona / mortadel·la de pistatxos / la piatta piccante") -> Bresaola / salami / mortadel·la de tòfona / mortadel·la de pistatxos / la piatta piccante | E9: =IFERROR(__xludf.DUMMYFUNCTION("""COMPUTED_VALUE"""),22.5) -> 22.5 | F9: =IFERROR(__xludf.DUMMYFUNCTION("""COMPUTED_VALUE"""),"")
A10: =IFERROR(__xludf.DUMMYFUNCTION("""COMPUTED_VALUE"""),"BC-018") -> BC-018 | B10: =IFERROR(__xludf.DUMMYFUNCTION("""COMPUTED_VALUE"""),"pasta") -> pasta | C10: =IFERROR(__xludf.DUMMYFUNCTION("""COMPUTED_VALUE"""),"BIGOLI ALLA NAPOLITANA") -> BIGOLI ALLA NAPOLITANA | D10: =IFERROR(__xludf.DUMMYFUNCTION("""COMPUTED_VALUE"""),"Pasta amb tomàquets") -> Pasta amb tomàquets | E10: =IFERROR(__xludf.DUMMYFUNCTION("""COMPUTED_VALUE"""),9.5) -> 9.5 | F10: =IFERROR(__xludf.DUMMYFUNCTION("""COMPUTED_VALUE"""),"")
A11: =IFERROR(__xludf.DUMMYFUNCTION("""COMPUTED_VALUE"""),"BC-019") -> BC-019 | B11: =IFERROR(__xludf.DUMMYFUNCTION("""COMPUTED_VALUE"""),"pasta") -> pasta | C11: =IFERROR(__xludf.DUMMYFUNCTION("""COMPUTED_VALUE"""),"TAGLIATELLE TARTUFATA") -> TAGLIATELLE TARTUFATA | D11: =IFERROR(__xludf.DUMMYFUNCTION("""COMPUTED_VALUE"""),"Amb crema de tòfona") -> Amb crema de tòfona | E11: =IFERROR(__xludf.DUMMYFUNCTION("""COMPUTED_VALUE"""),14.0) -> 14 | F11: =IFERROR(__xludf.DUMMYFUNCTION("""COMPUTED_VALUE"""),"")
A12: =IFERROR(__xludf.DUMMYFUNCTION("""COMPUTED_VALUE"""),"BC-020") -> BC-020 | B12: =IFERROR(__xludf.DUMMYFUNCTION("""COMPUTED_VALUE"""),"pasta") -> pasta | C12: =IFERROR(__xludf.DUMMYFUNCTION("""COMPUTED_VALUE"""),"GARGANELLI ALL’ARRABBIATA") -> GARGANELLI ALL’ARRABBIATA | D12: =IFERROR(__xludf.DUMMYFUNCTION("""COMPUTED_VALUE"""),"Salsa picant tradicional casolana") -> Salsa picant tradicional casolana | E12: =IFERROR(__xludf.DUMMYFUNCTION("""COMPUTED_VALUE"""),14.0) -> 14 | F12: =IFERROR(__xludf.DUMMYFUNCTION("""COMPUTED_VALUE"""),"")
A13: =IFERROR(__xludf.DUMMYFUNCTION("""COMPUTED_VALUE"""),"BC-021") -> BC-021 | B13: =IFERROR(__xludf.DUMMYFUNCTION("""COMPUTED_VALUE"""),"pasta") -> pasta | C13: =IFERROR(__xludf.DUMMYFUNCTION("""COMPUTED_VALUE"""),"SPAGHETTI RAGÚ ALLA BOLOGNESE") -> SPAGHETTI RAGÚ ALLA BOLOGNESE | D13: =IFERROR(__xludf.DUMMYFUNCTION("""COMPUTED_VALUE"""),"Salsa casolana de carn d'Andorra") -> Salsa casolana de carn d'Andorra | E13: =IFERROR(__xludf.DUMMYFUNCTION("""COMPUTED_VALUE"""),15.5) -> 15.5 | F13: =IFERROR(__xludf.DUMMYFUNCTION("""COMPUTED_VALUE"""),"")
A14: =IFERROR(__xludf.DUMMYFUNCTION("""COMPUTED_VALUE"""),"BC-023") -> BC-023 | B14: =IFERROR(__xludf.DUMMYFUNCTION("""COMPUTED_VALUE"""),"pasta") -> pasta | C14: =IFERROR(__xludf.DUMMYFUNCTION("""COMPUTED_VALUE"""),"LINGUINE D’ALL I ALFÀBREGA AMB PESTO") -> LINGUINE D’ALL I ALFÀBREGA AMB PESTO | D14: =IFERROR(__xludf.DUMMYFUNCTION("""COMPUTED_VALUE"""),"Salsa casolana d’alfàbrega de quilòmetre 0") -> Salsa casolana d’alfàbrega de quilòmetre 0 | E14: =IFERROR(__xludf.DUMMYFUNCTION("""COMPUTED_VALUE"""),15.5) -> 15.5 | F14: =IFERROR(__xludf.DUMMYFUNCTION("""COMPUTED_VALUE"""),"")
A15: =IFERROR(__xludf.DUMMYFUNCTION("""COMPUTED_VALUE"""),"BC-024") -> BC-024 | B15: =IFERROR(__xludf.DUMMYFUNCTION("""COMPUTED_VALUE"""),"pasta") -> pasta | C15: =IFERROR(__xludf.DUMMYFUNCTION("""COMPUTED_VALUE"""),"BIGOLI ALLA CARBONARA") -> BIGOLI ALLA CARBONARA | D15: =IFERROR(__xludf.DUMMYFUNCTION("""COMPUTED_VALUE"""),"Recepta tradicional amb ous i guanciale") -> Recepta tradicional amb ous i guanciale | E15: =IFERROR(__xludf.DUMMYFUNCTION("""COMPUTED_VALUE"""),17.0) -> 17 | F15: =IFERROR(__xludf.DUMMYFUNCTION("""COMPUTED_VALUE"""),"")
A16: =IFERROR(__xludf.DUMMYFUNCTION("""COMPUTED_VALUE"""),"BC-026") -> BC-026 | B16: =IFERROR(__xludf.DUMMYFUNCTION("""COMPUTED_VALUE"""),"pasta_farcida") -> pasta_farcida | C16: =IFERROR(__xludf.DUMMYFUNCTION("""COMPUTED_VALUE"""),"RAVIOLIS DE BOLETS") -> RAVIOLIS DE BOLETS | D16: =IFERROR(__xludf.DUMMYFUNCTION("""COMPUTED_VALUE"""),"Servit amb salsa casolana de pesto") -> Servit amb salsa casolana de pesto | E16: =IFERROR(__xludf.DUMMYFUNCTION("""COMPUTED_VALUE"""),17.5) -> 17.5 | F16: =IFERROR(__xludf.DUMMYFUNCTION("""COMPUTED_VALUE"""),"")
A17: =IFERROR(__xludf.DUMMYFUNCTION("""COMPUTED_VALUE"""),"BC-028") -> BC-028 | B17: =IFERROR(__xludf.DUMMYFUNCTION("""COMPUTED_VALUE"""),"pasta_farcida") -> pasta_farcida | C17: =IFERROR(__xludf.DUMMYFUNCTION("""COMPUTED_VALUE"""),"CANELONS DE CARN") -> CANELONS DE CARN | D17: =IFERROR(__xludf.DUMMYFUNCTION("""COMPUTED_VALUE"""),"Canelons fets per nosaltres servits amb salsa boloñesa casolana") -> Canelons fets per nosaltres servits amb salsa boloñesa casolana | E17: =IFERROR(__xludf.DUMMYFUNCTION("""COMPUTED_VALUE"""),13.5) -> 13.5 | F17: =IFERROR(__xludf.DUMMYFUNCTION("""COMPUTED_VALUE"""),"")
A18: =IFERROR(__xludf.DUMMYFUNCTION("""COMPUTED_VALUE"""),"BC-029") -> BC-029 | B18: =IFERROR(__xludf.DUMMYFUNCTION("""COMPUTED_VALUE"""),"pasta_farcida") -> pasta_farcida | C18: =IFERROR(__xludf.DUMMYFUNCTION("""COMPUTED_VALUE"""),"NYOQUIS") -> NYOQUIS | D18: =IFERROR(__xludf.DUMMYFUNCTION("""COMPUTED_VALUE"""),"Crema de tomàquet fresc i stracciatella") -> Crema de tomàquet fresc i stracciatella | E18: =IFERROR(__xludf.DUMMYFUNCTION("""COMPUTED_VALUE"""),16.0) -> 16 | F18: =IFERROR(__xludf.DUMMYFUNCTION("""COMPUTED_VALUE"""),"")
A19: =IFERROR(__xludf.DUMMYFUNCTION("""COMPUTED_VALUE"""),"BC-030") -> BC-030 | B19: =IFERROR(__xludf.DUMMYFUNCTION("""COMPUTED_VALUE"""),"pasta_farcida") -> pasta_farcida | C19: =IFERROR(__xludf.DUMMYFUNCTION("""COMPUTED_VALUE"""),"LASANYA BOLONYESA") -> LASANYA BOLONYESA | D19: =IFERROR(__xludf.DUMMYFUNCTION("""COMPUTED_VALUE"""),"Feta per nosaltres / salsa bolonyesa casolana") -> Feta per nosaltres / salsa bolonyesa casolana | E19: =IFERROR(__xludf.DUMMYFUNCTION("""COMPUTED_VALUE"""),15.5) -> 15.5 | F19: =IFERROR(__xludf.DUMMYFUNCTION("""COMPUTED_VALUE"""),"")
A20: =IFERROR(__xludf.DUMMYFUNCTION("""COMPUTED_VALUE"""),"BC-031") -> BC-031 | B20: =IFERROR(__xludf.DUMMYFUNCTION("""COMPUTED_VALUE"""),"pasta_farcida") -> pasta_farcida | C20: =IFERROR(__xludf.DUMMYFUNCTION("""COMPUTED_VALUE"""),"RISOTTO DE BOLETS") -> RISOTTO DE BOLETS | D20: =IFERROR(__xludf.DUMMYFUNCTION("""COMPUTED_VALUE"""),"Amb crema de tòfona") -> Amb crema de tòfona | E20: =IFERROR(__xludf.DUMMYFUNCTION("""COMPUTED_VALUE"""),19.0) -> 19 | F20: =IFERROR(__xludf.DUMMYFUNCTION("""COMPUTED_VALUE"""),"")
A21: =IFERROR(__xludf.DUMMYFUNCTION("""COMPUTED_VALUE"""),"BC-032") -> BC-032 | B21: =IFERROR(__xludf.DUMMYFUNCTION("""COMPUTED_VALUE"""),"pizzes") -> pizzes | C21: =IFERROR(__xludf.DUMMYFUNCTION("""COMPUTED_VALUE"""),"MARGARITA") -> MARGARITA | D21: =IFERROR(__xludf.DUMMYFUNCTION("""COMPUTED_VALUE"""),"Tomàquet / mozzarella") -> Tomàquet / mozzarella | E21: =IFERROR(__xludf.DUMMYFUNCTION("""COMPUTED_VALUE"""),12.0) -> 12 | F21: =IFERROR(__xludf.DUMMYFUNCTION("""COMPUTED_VALUE"""),"")
A22: =IFERROR(__xludf.DUMMYFUNCTION("""COMPUTED_VALUE"""),"BC-033") -> BC-033 | B22: =IFERROR(__xludf.DUMMYFUNCTION("""COMPUTED_VALUE"""),"pizzes") -> pizzes | C22: =IFERROR(__xludf.DUMMYFUNCTION("""COMPUTED_VALUE"""),"PROSCIUTO") -> PROSCIUTO | D22: =IFERROR(__xludf.DUMMYFUNCTION("""COMPUTED_VALUE"""),"Tomàquet / mozzarella / pernil dolç") -> Tomàquet / mozzarella / pernil dolç | E22: =IFERROR(__xludf.DUMMYFUNCTION("""COMPUTED_VALUE"""),14.5) -> 14.5 | F22: =IFERROR(__xludf.DUMMYFUNCTION("""COMPUTED_VALUE"""),"")
A23: =IFERROR(__xludf.DUMMYFUNCTION("""COMPUTED_VALUE"""),"BC-034") -> BC-034 | B23: =IFERROR(__xludf.DUMMYFUNCTION("""COMPUTED_VALUE"""),"pizzes") -> pizzes | C23: =IFERROR(__xludf.DUMMYFUNCTION("""COMPUTED_VALUE"""),"REGINA") -> REGINA | D23: =IFERROR(__xludf.DUMMYFUNCTION("""COMPUTED_VALUE"""),"Tomàquet / mozzarella / pernil dolç / xampinyons") -> Tomàquet / mozzarella / pernil dolç / xampinyons | E23: =IFERROR(__xludf.DUMMYFUNCTION("""COMPUTED_VALUE"""),15.0) -> 15 | F23: =IFERROR(__xludf.DUMMYFUNCTION("""COMPUTED_VALUE"""),"")
A24: =IFERROR(__xludf.DUMMYFUNCTION("""COMPUTED_VALUE"""),"BC-035") -> BC-035 | B24: =IFERROR(__xludf.DUMMYFUNCTION("""COMPUTED_VALUE"""),"pizzes") -> pizzes | C24: =IFERROR(__xludf.DUMMYFUNCTION("""COMPUTED_VALUE"""),"CALZONE") -> CALZONE | D24: =IFERROR(__xludf.DUMMYFUNCTION("""COMPUTED_VALUE"""),"Tomàquet / mozzarella / pernil dolç / ou") -> Tomàquet / mozzarella / pernil dolç / ou | E24: =IFERROR(__xludf.DUMMYFUNCTION("""COMPUTED_VALUE"""),17.0) -> 17 | F24: =IFERROR(__xludf.DUMMYFUNCTION("""COMPUTED_VALUE"""),"")
A25: =IFERROR(__xludf.DUMMYFUNCTION("""COMPUTED_VALUE"""),"BC-036") -> BC-036 | B25: =IFERROR(__xludf.DUMMYFUNCTION("""COMPUTED_VALUE"""),"pizzes") -> pizzes | C25: =IFERROR(__xludf.DUMMYFUNCTION("""COMPUTED_VALUE"""),"PEPPERONI") -> PEPPERONI | D25: =IFERROR(__xludf.DUMMYFUNCTION("""COMPUTED_VALUE"""),"Tomàquet / mozzarella / pepperoni / bitxo verd") -> Tomàquet / mozzarella / pepperoni / bitxo verd | E25: =IFERROR(__xludf.DUMMYFUNCTION("""COMPUTED_VALUE"""),15.5) -> 15.5 | F25: =IFERROR(__xludf.DUMMYFUNCTION("""COMPUTED_VALUE"""),"")
A26: =IFERROR(__xludf.DUMMYFUNCTION("""COMPUTED_VALUE"""),"BC-037") -> BC-037 | B26: =IFERROR(__xludf.DUMMYFUNCTION("""COMPUTED_VALUE"""),"pizzes") -> pizzes | C26: =IFERROR(__xludf.DUMMYFUNCTION("""COMPUTED_VALUE"""),"CAPRESE") -> CAPRESE | D26: =IFERROR(__xludf.DUMMYFUNCTION("""COMPUTED_VALUE"""),"Tomàquet / mozzarella fresca / tomàquet sec casolà / alfàbrega") -> Tomàquet / mozzarella fresca / tomàquet sec casolà / alfàbrega | E26: =IFERROR(__xludf.DUMMYFUNCTION("""COMPUTED_VALUE"""),15.5) -> 15.5 | F26: =IFERROR(__xludf.DUMMYFUNCTION("""COMPUTED_VALUE"""),"")
A27: =IFERROR(__xludf.DUMMYFUNCTION("""COMPUTED_VALUE"""),"BC-039") -> BC-039 | B27: =IFERROR(__xludf.DUMMYFUNCTION("""COMPUTED_VALUE"""),"pizzes") -> pizzes | C27: =IFERROR(__xludf.DUMMYFUNCTION("""COMPUTED_VALUE"""),"IBÉRICA") -> IBÉRICA | D27: =IFERROR(__xludf.DUMMYFUNCTION("""COMPUTED_VALUE"""),"Tomàquet / mozzarella / pernil ibèric / parmesà / ruca") -> Tomàquet / mozzarella / pernil ibèric / parmesà / ruca | E27: =IFERROR(__xludf.DUMMYFUNCTION("""COMPUTED_VALUE"""),18.5) -> 18.5 | F27: =IFERROR(__xludf.DUMMYFUNCTION("""COMPUTED_VALUE"""),"")
A28: =IFERROR(__xludf.DUMMYFUNCTION("""COMPUTED_VALUE"""),"BC-040") -> BC-040 | B28: =IFERROR(__xludf.DUMMYFUNCTION("""COMPUTED_VALUE"""),"pizzes") -> pizzes | C28: =IFERROR(__xludf.DUMMYFUNCTION("""COMPUTED_VALUE"""),"4 ESTACIONS") -> 4 ESTACIONS | D28: =IFERROR(__xludf.DUMMYFUNCTION("""COMPUTED_VALUE"""),"Tomàquet / mozzarella / pernil dolç / xampinyons / carxofes / olives") -> Tomàquet / mozzarella / pernil dolç / xampinyons / carxofes / olives | E28: =IFERROR(__xludf.DUMMYFUNCTION("""COMPUTED_VALUE"""),16.0) -> 16 | F28: =IFERROR(__xludf.DUMMYFUNCTION("""COMPUTED_VALUE"""),"")
A29: =IFERROR(__xludf.DUMMYFUNCTION("""COMPUTED_VALUE"""),"BC-041") -> BC-041 | B29: =IFERROR(__xludf.DUMMYFUNCTION("""COMPUTED_VALUE"""),"pizzes") -> pizzes | C29: =IFERROR(__xludf.DUMMYFUNCTION("""COMPUTED_VALUE"""),"BELLA CIAO") -> BELLA CIAO | D29: =IFERROR(__xludf.DUMMYFUNCTION("""COMPUTED_VALUE"""),"Tomàquet / mozzarella / bologna / burrata / vinagreta de pistatxo") -> Tomàquet / mozzarella / bologna / burrata / vinagreta de pistatxo | E29: =IFERROR(__xludf.DUMMYFUNCTION("""COMPUTED_VALUE"""),17.5) -> 17.5 | F29: =IFERROR(__xludf.DUMMYFUNCTION("""COMPUTED_VALUE"""),"")
A30: =IFERROR(__xludf.DUMMYFUNCTION("""COMPUTED_VALUE"""),"BC-042") -> BC-042 | B30: =IFERROR(__xludf.DUMMYFUNCTION("""COMPUTED_VALUE"""),"pizzes") -> pizzes | C30: =IFERROR(__xludf.DUMMYFUNCTION("""COMPUTED_VALUE"""),"ITALIANA") -> ITALIANA | D30: =IFERROR(__xludf.DUMMYFUNCTION("""COMPUTED_VALUE"""),"Tomàquet / ruca / mozzarella / cherry / burrata / salsa pesto") -> Tomàquet / ruca / mozzarella / cherry / burrata / salsa pesto | E30: =IFERROR(__xludf.DUMMYFUNCTION("""COMPUTED_VALUE"""),18.0) -> 18 | F30: =IFERROR(__xludf.DUMMYFUNCTION("""COMPUTED_VALUE"""),"")
A31: =IFERROR(__xludf.DUMMYFUNCTION("""COMPUTED_VALUE"""),"BC-043") -> BC-043 | B31: =IFERROR(__xludf.DUMMYFUNCTION("""COMPUTED_VALUE"""),"pizzes") -> pizzes | C31: =IFERROR(__xludf.DUMMYFUNCTION("""COMPUTED_VALUE"""),"VEGETARIANA") -> VEGETARIANA | D31: =IFERROR(__xludf.DUMMYFUNCTION("""COMPUTED_VALUE"""),"Tomàquet / mozzarella / pebrot / carxofes / xampinyons / ceba") -> Tomàquet / mozzarella / pebrot / carxofes / xampinyons / ceba | E31: =IFERROR(__xludf.DUMMYFUNCTION("""COMPUTED_VALUE"""),16.5) -> 16.5 | F31: =IFERROR(__xludf.DUMMYFUNCTION("""COMPUTED_VALUE"""),"")
A32: =IFERROR(__xludf.DUMMYFUNCTION("""COMPUTED_VALUE"""),"BC-044") -> BC-044 | B32: =IFERROR(__xludf.DUMMYFUNCTION("""COMPUTED_VALUE"""),"pizzes_blanques") -> pizzes_blanques | C32: =IFERROR(__xludf.DUMMYFUNCTION("""COMPUTED_VALUE"""),"TARTUFATA") -> TARTUFATA | D32: =IFERROR(__xludf.DUMMYFUNCTION("""COMPUTED_VALUE"""),"Mozzarella / crema de tòfona / romaní / parmesà") -> Mozzarella / crema de tòfona / romaní / parmesà | E32: =IFERROR(__xludf.DUMMYFUNCTION("""COMPUTED_VALUE"""),15.5) -> 15.5 | F32: =IFERROR(__xludf.DUMMYFUNCTION("""COMPUTED_VALUE"""),"")
A33: =IFERROR(__xludf.DUMMYFUNCTION("""COMPUTED_VALUE"""),"BC-045") -> BC-045 | B33: =IFERROR(__xludf.DUMMYFUNCTION("""COMPUTED_VALUE"""),"pizzes_blanques") -> pizzes_blanques | C33: =IFERROR(__xludf.DUMMYFUNCTION("""COMPUTED_VALUE"""),"5 FORMATGES") -> 5 FORMATGES | D33: =IFERROR(__xludf.DUMMYFUNCTION("""COMPUTED_VALUE"""),"Mozzarella / cabra / emmental / roquefort / parmesà") -> Mozzarella / cabra / emmental / roquefort / parmesà | E33: =IFERROR(__xludf.DUMMYFUNCTION("""COMPUTED_VALUE"""),16.5) -> 16.5 | F33: =IFERROR(__xludf.DUMMYFUNCTION("""COMPUTED_VALUE"""),"")
A34: =IFERROR(__xludf.DUMMYFUNCTION("""COMPUTED_VALUE"""),"BC-047") -> BC-047 | B34: =IFERROR(__xludf.DUMMYFUNCTION("""COMPUTED_VALUE"""),"pizzes_blanques") -> pizzes_blanques | C34: =IFERROR(__xludf.DUMMYFUNCTION("""COMPUTED_VALUE"""),"CARBONARA") -> CARBONARA | D34: =IFERROR(__xludf.DUMMYFUNCTION("""COMPUTED_VALUE"""),"Mozzarella / nata / guanciale / ceba / ou / parmesà") -> Mozzarella / nata / guanciale / ceba / ou / parmesà | E34: =IFERROR(__xludf.DUMMYFUNCTION("""COMPUTED_VALUE"""),16.0) -> 16 | F34: =IFERROR(__xludf.DUMMYFUNCTION("""COMPUTED_VALUE"""),"")
A35: =IFERROR(__xludf.DUMMYFUNCTION("""COMPUTED_VALUE"""),"BC-048") -> BC-048 | B35: =IFERROR(__xludf.DUMMYFUNCTION("""COMPUTED_VALUE"""),"postres") -> postres | C35: =IFERROR(__xludf.DUMMYFUNCTION("""COMPUTED_VALUE"""),"TIRAMISÚ CLÀSSIC") -> TIRAMISÚ CLÀSSIC | D35: =IFERROR(__xludf.DUMMYFUNCTION("""COMPUTED_VALUE"""),"") | E35: =IFERROR(__xludf.DUMMYFUNCTION("""COMPUTED_VALUE"""),7.0) -> 7 | F35: =IFERROR(__xludf.DUMMYFUNCTION("""COMPUTED_VALUE"""),"")
A36: =IFERROR(__xludf.DUMMYFUNCTION("""COMPUTED_VALUE"""),"BC-049") -> BC-049 | B36: =IFERROR(__xludf.DUMMYFUNCTION("""COMPUTED_VALUE"""),"postres") -> postres | C36: =IFERROR(__xludf.DUMMYFUNCTION("""COMPUTED_VALUE"""),"TIRAMISÚ DE FESTUCS") -> TIRAMISÚ DE FESTUCS | D36: =IFERROR(__xludf.DUMMYFUNCTION("""COMPUTED_VALUE"""),"") | E36: =IFERROR(__xludf.DUMMYFUNCTION("""COMPUTED_VALUE"""),8.0) -> 8 | F36: =IFERROR(__xludf.DUMMYFUNCTION("""COMPUTED_VALUE"""),"")
A37: =IFERROR(__xludf.DUMMYFUNCTION("""COMPUTED_VALUE"""),"BC-051") -> BC-051 | B37: =IFERROR(__xludf.DUMMYFUNCTION("""COMPUTED_VALUE"""),"postres") -> postres | C37: =IFERROR(__xludf.DUMMYFUNCTION("""COMPUTED_VALUE"""),"PANNA COTTA") -> PANNA COTTA | D37: =IFERROR(__xludf.DUMMYFUNCTION("""COMPUTED_VALUE"""),"De romaní amb ginebra i préssec") -> De romaní amb ginebra i préssec | E37: =IFERROR(__xludf.DUMMYFUNCTION("""COMPUTED_VALUE"""),6.5) -> 6.5 | F37: =IFERROR(__xludf.DUMMYFUNCTION("""COMPUTED_VALUE"""),"")
A38: =IFERROR(__xludf.DUMMYFUNCTION("""COMPUTED_VALUE"""),"BC-052") -> BC-052 | B38: =IFERROR(__xludf.DUMMYFUNCTION("""COMPUTED_VALUE"""),"postres") -> postres | C38: =IFERROR(__xludf.DUMMYFUNCTION("""COMPUTED_VALUE"""),"COULANT DE XOCOLATA") -> COULANT DE XOCOLATA | D38: =IFERROR(__xludf.DUMMYFUNCTION("""COMPUTED_VALUE"""),"") | E38: =IFERROR(__xludf.DUMMYFUNCTION("""COMPUTED_VALUE"""),5.0) -> 5 | F38: =IFERROR(__xludf.DUMMYFUNCTION("""COMPUTED_VALUE"""),"")
A39: =IFERROR(__xludf.DUMMYFUNCTION("""COMPUTED_VALUE"""),"BC-054") -> BC-054 | B39: =IFERROR(__xludf.DUMMYFUNCTION("""COMPUTED_VALUE"""),"postres") -> postres | C39: =IFERROR(__xludf.DUMMYFUNCTION("""COMPUTED_VALUE"""),"CALZONE DOLÇA") -> CALZONE DOLÇA | D39: =IFERROR(__xludf.DUMMYFUNCTION("""COMPUTED_VALUE"""),"") | E39: =IFERROR(__xludf.DUMMYFUNCTION("""COMPUTED_VALUE"""),10.0) -> 10 | F39: =IFERROR(__xludf.DUMMYFUNCTION("""COMPUTED_VALUE"""),"")
A40: =IFERROR(__xludf.DUMMYFUNCTION("""COMPUTED_VALUE"""),"BC-067") -> BC-067 | B40: =IFERROR(__xludf.DUMMYFUNCTION("""COMPUTED_VALUE"""),"begudes") -> begudes | C40: =IFERROR(__xludf.DUMMYFUNCTION("""COMPUTED_VALUE"""),"REFRESCOS") -> REFRESCOS | D40: =IFERROR(__xludf.DUMMYFUNCTION("""COMPUTED_VALUE"""),"Coca-Cola / Fanta / Cola Zero / Nestea / Aquarius") -> Coca-Cola / Fanta / Cola Zero / Nestea / Aquarius | E40: =IFERROR(__xludf.DUMMYFUNCTION("""COMPUTED_VALUE"""),3.0) -> 3 | F40: =IFERROR(__xludf.DUMMYFUNCTION("""COMPUTED_VALUE"""),"")
A41: =IFERROR(__xludf.DUMMYFUNCTION("""COMPUTED_VALUE"""),"BC-068") -> BC-068 | B41: =IFERROR(__xludf.DUMMYFUNCTION("""COMPUTED_VALUE"""),"begudes") -> begudes | C41: =IFERROR(__xludf.DUMMYFUNCTION("""COMPUTED_VALUE"""),"TÒNICA") -> TÒNICA | D41: =IFERROR(__xludf.DUMMYFUNCTION("""COMPUTED_VALUE"""),"") | E41: =IFERROR(__xludf.DUMMYFUNCTION("""COMPUTED_VALUE"""),2.5) -> 2.5 | F41: =IFERROR(__xludf.DUMMYFUNCTION("""COMPUTED_VALUE"""),"")
A42: =IFERROR(__xludf.DUMMYFUNCTION("""COMPUTED_VALUE"""),"BC-069") -> BC-069 | B42: =IFERROR(__xludf.DUMMYFUNCTION("""COMPUTED_VALUE"""),"begudes") -> begudes | C42: =IFERROR(__xludf.DUMMYFUNCTION("""COMPUTED_VALUE"""),"BITTER KAS") -> BITTER KAS | D42: =IFERROR(__xludf.DUMMYFUNCTION("""COMPUTED_VALUE"""),"") | E42: =IFERROR(__xludf.DUMMYFUNCTION("""COMPUTED_VALUE"""),2.5) -> 2.5 | F42: =IFERROR(__xludf.DUMMYFUNCTION("""COMPUTED_VALUE"""),"")
A43: =IFERROR(__xludf.DUMMYFUNCTION("""COMPUTED_VALUE"""),"BC-070") -> BC-070 | B43: =IFERROR(__xludf.DUMMYFUNCTION("""COMPUTED_VALUE"""),"begudes") -> begudes | C43: =IFERROR(__xludf.DUMMYFUNCTION("""COMPUTED_VALUE"""),"SOLAN DE CABRAS") -> SOLAN DE CABRAS | D43: =IFERROR(__xludf.DUMMYFUNCTION("""COMPUTED_VALUE"""),"") | E43: =IFERROR(__xludf.DUMMYFUNCTION("""COMPUTED_VALUE"""),2.5) -> 2.5 | F43: =IFERROR(__xludf.DUMMYFUNCTION("""COMPUTED_VALUE"""),"")
A44: =IFERROR(__xludf.DUMMYFUNCTION("""COMPUTED_VALUE"""),"BC-071") -> BC-071 | B44: =IFERROR(__xludf.DUMMYFUNCTION("""COMPUTED_VALUE"""),"begudes") -> begudes | C44: =IFERROR(__xludf.DUMMYFUNCTION("""COMPUTED_VALUE"""),"VICHY CATALAN") -> VICHY CATALAN | D44: =IFERROR(__xludf.DUMMYFUNCTION("""COMPUTED_VALUE"""),"") | E44: =IFERROR(__xludf.DUMMYFUNCTION("""COMPUTED_VALUE"""),2.5) -> 2.5 | F44: =IFERROR(__xludf.DUMMYFUNCTION("""COMPUTED_VALUE"""),"")
A45: =IFERROR(__xludf.DUMMYFUNCTION("""COMPUTED_VALUE"""),"BC-072") -> BC-072 | B45: =IFERROR(__xludf.DUMMYFUNCTION("""COMPUTED_VALUE"""),"begudes") -> begudes | C45: =IFERROR(__xludf.DUMMYFUNCTION("""COMPUTED_VALUE"""),"AIGUA S. PELLEGRINO") -> AIGUA S. PELLEGRINO | D45: =IFERROR(__xludf.DUMMYFUNCTION("""COMPUTED_VALUE"""),"") | E45: =IFERROR(__xludf.DUMMYFUNCTION("""COMPUTED_VALUE"""),4.0) -> 4 | F45: =IFERROR(__xludf.DUMMYFUNCTION("""COMPUTED_VALUE"""),"")
A46: =IFERROR(__xludf.DUMMYFUNCTION("""COMPUTED_VALUE"""),"BC-085") -> BC-085 | B46: =IFERROR(__xludf.DUMMYFUNCTION("""COMPUTED_VALUE"""),"cerveses") -> cerveses | C46: =IFERROR(__xludf.DUMMYFUNCTION("""COMPUTED_VALUE"""),"LAGER ESTRELLA ANDORRA") -> LAGER ESTRELLA ANDORRA | D46: =IFERROR(__xludf.DUMMYFUNCTION("""COMPUTED_VALUE"""),"Cervesa clara i refrescant, de malta suau i final net. Alc. 4,5 %.") -> Cervesa clara i refrescant, de malta suau i final net. Alc. 4,5 %. | E46: =IFERROR(__xludf.DUMMYFUNCTION("""COMPUTED_VALUE"""),3.6) -> 3.6 | F46: =IFERROR(__xludf.DUMMYFUNCTION("""COMPUTED_VALUE"""),"")
A47: =IFERROR(__xludf.DUMMYFUNCTION("""COMPUTED_VALUE"""),"BC-086") -> BC-086 | B47: =IFERROR(__xludf.DUMMYFUNCTION("""COMPUTED_VALUE"""),"cerveses") -> cerveses | C47: =IFERROR(__xludf.DUMMYFUNCTION("""COMPUTED_VALUE"""),"TORRADA ANDBEER") -> TORRADA ANDBEER | D47: =IFERROR(__xludf.DUMMYFUNCTION("""COMPUTED_VALUE"""),"Cos ple, malta torrada amb aromes de pa negre i lleugers tocs de cafè. Alc. 6,3 %.") -> Cos ple, malta torrada amb aromes de pa negre i lleugers tocs de cafè. Alc. 6,3 %. | E47: =IFERROR(__xludf.DUMMYFUNCTION("""COMPUTED_VALUE"""),3.6) -> 3.6 | F47: =IFERROR(__xludf.DUMMYFUNCTION("""COMPUTED_VALUE"""),"")
A48: =IFERROR(__xludf.DUMMYFUNCTION("""COMPUTED_VALUE"""),"BC-087") -> BC-087 | B48: =IFERROR(__xludf.DUMMYFUNCTION("""COMPUTED_VALUE"""),"cerveses") -> cerveses | C48: =IFERROR(__xludf.DUMMYFUNCTION("""COMPUTED_VALUE"""),"AMBER ALE ANDBEER") -> AMBER ALE ANDBEER | D48: =IFERROR(__xludf.DUMMYFUNCTION("""COMPUTED_VALUE"""),"Color coure, amb notes de caramel i malta torrada, equilibrada amb el llúpol. Alc. 6,3 %.") -> Color coure, amb notes de caramel i malta torrada, equilibrada amb el llúpol. Alc. 6,3 %. | E48: =IFERROR(__xludf.DUMMYFUNCTION("""COMPUTED_VALUE"""),3.6) -> 3.6 | F48: =IFERROR(__xludf.DUMMYFUNCTION("""COMPUTED_VALUE"""),"")
A49: =IFERROR(__xludf.DUMMYFUNCTION("""COMPUTED_VALUE"""),"BC-088") -> BC-088 | B49: =IFERROR(__xludf.DUMMYFUNCTION("""COMPUTED_VALUE"""),"cerveses") -> cerveses | C49: =IFERROR(__xludf.DUMMYFUNCTION("""COMPUTED_VALUE"""),"IPA DE MUNTANYA ANDBEER") -> IPA DE MUNTANYA ANDBEER | D49: =IFERROR(__xludf.DUMMYFUNCTION("""COMPUTED_VALUE"""),"IPA aromàtica amb notes de pi i fruita tropical, cos mitjà i final amarg. Alc. 7,1 %.") -> IPA aromàtica amb notes de pi i fruita tropical, cos mitjà i final amarg. Alc. 7,1 %. | E49: =IFERROR(__xludf.DUMMYFUNCTION("""COMPUTED_VALUE"""),4.0) -> 4 | F49: =IFERROR(__xludf.DUMMYFUNCTION("""COMPUTED_VALUE"""),"")
A50: =IFERROR(__xludf.DUMMYFUNCTION("""COMPUTED_VALUE"""),"BC-SUP-001") -> BC-SUP-001 | B50: =IFERROR(__xludf.DUMMYFUNCTION("""COMPUTED_VALUE"""),"suplements") -> suplements | C50: =IFERROR(__xludf.DUMMYFUNCTION("""COMPUTED_VALUE"""),"PERNIL DOLÇ") -> PERNIL DOLÇ | D50: =IFERROR(__xludf.DUMMYFUNCTION("""COMPUTED_VALUE"""),"") | E50: =IFERROR(__xludf.DUMMYFUNCTION("""COMPUTED_VALUE"""),3.0) -> 3 | F50: =IFERROR(__xludf.DUMMYFUNCTION("""COMPUTED_VALUE"""),"")
A51: =IFERROR(__xludf.DUMMYFUNCTION("""COMPUTED_VALUE"""),"BC-SUP-002") -> BC-SUP-002 | B51: =IFERROR(__xludf.DUMMYFUNCTION("""COMPUTED_VALUE"""),"suplements") -> suplements | C51: =IFERROR(__xludf.DUMMYFUNCTION("""COMPUTED_VALUE"""),"MOZZARELLA") -> MOZZARELLA | D51: =IFERROR(__xludf.DUMMYFUNCTION("""COMPUTED_VALUE"""),"") | E51: =IFERROR(__xludf.DUMMYFUNCTION("""COMPUTED_VALUE"""),3.0) -> 3 | F51: =IFERROR(__xludf.DUMMYFUNCTION("""COMPUTED_VALUE"""),"")
A52: =IFERROR(__xludf.DUMMYFUNCTION("""COMPUTED_VALUE"""),"BC-SUP-003") -> BC-SUP-003 | B52: =IFERROR(__xludf.DUMMYFUNCTION("""COMPUTED_VALUE"""),"suplements") -> suplements | C52: =IFERROR(__xludf.DUMMYFUNCTION("""COMPUTED_VALUE"""),"ANXOVES") -> ANXOVES | D52: =IFERROR(__xludf.DUMMYFUNCTION("""COMPUTED_VALUE"""),"6 unitats") -> 6 unitats | E52: =IFERROR(__xludf.DUMMYFUNCTION("""COMPUTED_VALUE"""),4.5) -> 4.5 | F52: =IFERROR(__xludf.DUMMYFUNCTION("""COMPUTED_VALUE"""),"")
A53: =IFERROR(__xludf.DUMMYFUNCTION("""COMPUTED_VALUE"""),"BC-SUP-004") -> BC-SUP-004 | B53: =IFERROR(__xludf.DUMMYFUNCTION("""COMPUTED_VALUE"""),"suplements") -> suplements | C53: =IFERROR(__xludf.DUMMYFUNCTION("""COMPUTED_VALUE"""),"CHAMPIGNON") -> CHAMPIGNON | D53: =IFERROR(__xludf.DUMMYFUNCTION("""COMPUTED_VALUE"""),"") | E53: =IFERROR(__xludf.DUMMYFUNCTION("""COMPUTED_VALUE"""),2.25) -> 2.25 | F53: =IFERROR(__xludf.DUMMYFUNCTION("""COMPUTED_VALUE"""),"")
A54: =IFERROR(__xludf.DUMMYFUNCTION("""COMPUTED_VALUE"""),"BC-SUP-005") -> BC-SUP-005 | B54: =IFERROR(__xludf.DUMMYFUNCTION("""COMPUTED_VALUE"""),"suplements") -> suplements | C54: =IFERROR(__xludf.DUMMYFUNCTION("""COMPUTED_VALUE"""),"CARXOFA") -> CARXOFA | D54: =IFERROR(__xludf.DUMMYFUNCTION("""COMPUTED_VALUE"""),"") | E54: =IFERROR(__xludf.DUMMYFUNCTION("""COMPUTED_VALUE"""),2.25) -> 2.25 | F54: =IFERROR(__xludf.DUMMYFUNCTION("""COMPUTED_VALUE"""),"")
A55: =IFERROR(__xludf.DUMMYFUNCTION("""COMPUTED_VALUE"""),"BC-SUP-006") -> BC-SUP-006 | B55: =IFERROR(__xludf.DUMMYFUNCTION("""COMPUTED_VALUE"""),"suplements") -> suplements | C55: =IFERROR(__xludf.DUMMYFUNCTION("""COMPUTED_VALUE"""),"TONYINA") -> TONYINA | D55: =IFERROR(__xludf.DUMMYFUNCTION("""COMPUTED_VALUE"""),"") | E55: =IFERROR(__xludf.DUMMYFUNCTION("""COMPUTED_VALUE"""),3.5) -> 3.5 | F55: =IFERROR(__xludf.DUMMYFUNCTION("""COMPUTED_VALUE"""),"")
A56: =IFERROR(__xludf.DUMMYFUNCTION("""COMPUTED_VALUE"""),"BC-SUP-007") -> BC-SUP-007 | B56: =IFERROR(__xludf.DUMMYFUNCTION("""COMPUTED_VALUE"""),"suplements") -> suplements | C56: =IFERROR(__xludf.DUMMYFUNCTION("""COMPUTED_VALUE"""),"CEBA") -> CEBA | D56: =IFERROR(__xludf.DUMMYFUNCTION("""COMPUTED_VALUE"""),"") | E56: =IFERROR(__xludf.DUMMYFUNCTION("""COMPUTED_VALUE"""),1.5) -> 1.5 | F56: =IFERROR(__xludf.DUMMYFUNCTION("""COMPUTED_VALUE"""),"")
A57: =IFERROR(__xludf.DUMMYFUNCTION("""COMPUTED_VALUE"""),"BC-SUP-008") -> BC-SUP-008 | B57: =IFERROR(__xludf.DUMMYFUNCTION("""COMPUTED_VALUE"""),"suplements") -> suplements | C57: =IFERROR(__xludf.DUMMYFUNCTION("""COMPUTED_VALUE"""),"OU") -> OU | D57: =IFERROR(__xludf.DUMMYFUNCTION("""COMPUTED_VALUE"""),"") | E57: =IFERROR(__xludf.DUMMYFUNCTION("""COMPUTED_VALUE"""),1.5) -> 1.5 | F57: =IFERROR(__xludf.DUMMYFUNCTION("""COMPUTED_VALUE"""),"")
A58: =IFERROR(__xludf.DUMMYFUNCTION("""COMPUTED_VALUE"""),"BC-SUP-009") -> BC-SUP-009 | B58: =IFERROR(__xludf.DUMMYFUNCTION("""COMPUTED_VALUE"""),"suplements") -> suplements | C58: =IFERROR(__xludf.DUMMYFUNCTION("""COMPUTED_VALUE"""),"BURRATA") -> BURRATA | D58: =IFERROR(__xludf.DUMMYFUNCTION("""COMPUTED_VALUE"""),"") | E58: =IFERROR(__xludf.DUMMYFUNCTION("""COMPUTED_VALUE"""),5.75) -> 5.75 | F58: =IFERROR(__xludf.DUMMYFUNCTION("""COMPUTED_VALUE"""),"")
A59: =IFERROR(__xludf.DUMMYFUNCTION("""COMPUTED_VALUE"""),"BC-SUP-010") -> BC-SUP-010 | B59: =IFERROR(__xludf.DUMMYFUNCTION("""COMPUTED_VALUE"""),"suplements") -> suplements | C59: =IFERROR(__xludf.DUMMYFUNCTION("""COMPUTED_VALUE"""),"PERNIL IBÈRIC") -> PERNIL IBÈRIC | D59: =IFERROR(__xludf.DUMMYFUNCTION("""COMPUTED_VALUE"""),"") | E59: =IFERROR(__xludf.DUMMYFUNCTION("""COMPUTED_VALUE"""),5.75) -> 5.75 | F59: =IFERROR(__xludf.DUMMYFUNCTION("""COMPUTED_VALUE"""),"")
A60: =IFERROR(__xludf.DUMMYFUNCTION("""COMPUTED_VALUE"""),"BC-SUP-011") -> BC-SUP-011 | B60: =IFERROR(__xludf.DUMMYFUNCTION("""COMPUTED_VALUE"""),"suplements") -> suplements | C60: =IFERROR(__xludf.DUMMYFUNCTION("""COMPUTED_VALUE"""),"VERDURES EXTRA") -> VERDURES EXTRA | D60: =IFERROR(__xludf.DUMMYFUNCTION("""COMPUTED_VALUE"""),"") | E60: =IFERROR(__xludf.DUMMYFUNCTION("""COMPUTED_VALUE"""),2.25) -> 2.25 | F60: =IFERROR(__xludf.DUMMYFUNCTION("""COMPUTED_VALUE"""),"")
A61: =IFERROR(__xludf.DUMMYFUNCTION("""COMPUTED_VALUE"""),"BC-SUP-012") -> BC-SUP-012 | B61: =IFERROR(__xludf.DUMMYFUNCTION("""COMPUTED_VALUE"""),"suplements") -> suplements | C61: =IFERROR(__xludf.DUMMYFUNCTION("""COMPUTED_VALUE"""),"TOMÀQUET") -> TOMÀQUET | D61: =IFERROR(__xludf.DUMMYFUNCTION("""COMPUTED_VALUE"""),"") | E61: =IFERROR(__xludf.DUMMYFUNCTION("""COMPUTED_VALUE"""),2.25) -> 2.25 | F61: =IFERROR(__xludf.DUMMYFUNCTION("""COMPUTED_VALUE"""),"")
A62: =IFERROR(__xludf.DUMMYFUNCTION("""COMPUTED_VALUE"""),"BC-SUP-013") -> BC-SUP-013 | B62: =IFERROR(__xludf.DUMMYFUNCTION("""COMPUTED_VALUE"""),"suplements") -> suplements | C62: =IFERROR(__xludf.DUMMYFUNCTION("""COMPUTED_VALUE"""),"SALSES") -> SALSES | D62: =IFERROR(__xludf.DUMMYFUNCTION("""COMPUTED_VALUE"""),"") | E62: =IFERROR(__xludf.DUMMYFUNCTION("""COMPUTED_VALUE"""),2.0) -> 2 | F62: =IFERROR(__xludf.DUMMYFUNCTION("""COMPUTED_VALUE"""),"")
A63: =IFERROR(__xludf.DUMMYFUNCTION("""COMPUTED_VALUE"""),"BC-SUP-014") -> BC-SUP-014 | B63: =IFERROR(__xludf.DUMMYFUNCTION("""COMPUTED_VALUE"""),"suplements") -> suplements | C63: =IFERROR(__xludf.DUMMYFUNCTION("""COMPUTED_VALUE"""),"GUANCIALE") -> GUANCIALE | D63: =IFERROR(__xludf.DUMMYFUNCTION("""COMPUTED_VALUE"""),"") | E63: =IFERROR(__xludf.DUMMYFUNCTION("""COMPUTED_VALUE"""),3.75) -> 3.75 | F63: =IFERROR(__xludf.DUMMYFUNCTION("""COMPUTED_VALUE"""),"")
A64: =IFERROR(__xludf.DUMMYFUNCTION("""COMPUTED_VALUE"""),"BC-SUP-015") -> BC-SUP-015 | B64: =IFERROR(__xludf.DUMMYFUNCTION("""COMPUTED_VALUE"""),"suplements") -> suplements | C64: =IFERROR(__xludf.DUMMYFUNCTION("""COMPUTED_VALUE"""),"PARMESÀ") -> PARMESÀ | D64: =IFERROR(__xludf.DUMMYFUNCTION("""COMPUTED_VALUE"""),"") | E64: =IFERROR(__xludf.DUMMYFUNCTION("""COMPUTED_VALUE"""),3.5) -> 3.5 | F64: =IFERROR(__xludf.DUMMYFUNCTION("""COMPUTED_VALUE"""),"")
A65: =IFERROR(__xludf.DUMMYFUNCTION("""COMPUTED_VALUE"""),"BC-SUP-016") -> BC-SUP-016 | B65: =IFERROR(__xludf.DUMMYFUNCTION("""COMPUTED_VALUE"""),"suplements") -> suplements | C65: =IFERROR(__xludf.DUMMYFUNCTION("""COMPUTED_VALUE"""),"GAMBES") -> GAMBES | D65: =IFERROR(__xludf.DUMMYFUNCTION("""COMPUTED_VALUE"""),"") | E65: =IFERROR(__xludf.DUMMYFUNCTION("""COMPUTED_VALUE"""),5.25) -> 5.25 | F65: =IFERROR(__xludf.DUMMYFUNCTION("""COMPUTED_VALUE"""),"")
A66: =IFERROR(__xludf.DUMMYFUNCTION("""COMPUTED_VALUE"""),"BC-SUP-017") -> BC-SUP-017 | B66: =IFERROR(__xludf.DUMMYFUNCTION("""COMPUTED_VALUE"""),"suplements") -> suplements | C66: =IFERROR(__xludf.DUMMYFUNCTION("""COMPUTED_VALUE"""),"OLIVES") -> OLIVES | D66: =IFERROR(__xludf.DUMMYFUNCTION("""COMPUTED_VALUE"""),"") | E66: =IFERROR(__xludf.DUMMYFUNCTION("""COMPUTED_VALUE"""),1.5) -> 1.5 | F66: =IFERROR(__xludf.DUMMYFUNCTION("""COMPUTED_VALUE"""),"")

Sheet SUGERENCIAS
A1: ID | B1: Sección | C1: Producto CAT | D1: Ingredientes CAT | E1: Precio anterior (€) | F1: Estado | G1: Restaurante | H1: Web | I1: Delivery / Take Away
A2: BC-SUG-001 | B2: Pizzes | C2: CREMA DI PEPERONI & SALAMI | D2: crema de pebrot / mozzarella fresca / salami / pistatxo / alfàbrega | E2: 15.5 | F2: SUGERENCIA · PENDIENTE DE VALIDACIÓN | G2: =MAESTRA!O109 -> FALSE | H2: =MAESTRA!P109 -> FALSE | I2: =MAESTRA!Q109 -> FALSE
